Source,Target,Label,Type,Weight,
4fxd5Ee7UefO4CUXgwJ7IP,1Xyo4u8uXC1ZmMpatF05PJ,pop,Undirected,1,
4fxd5Ee7UefO4CUXgwJ7IP,1uNFoZAHBGtllmzznpCI3s,pop,Undirected,1,
4fxd5Ee7UefO4CUXgwJ7IP,4kYSro6naA4h99UJvo89HB,pop,Undirected,1,
4fxd5Ee7UefO4CUXgwJ7IP,0du5cEVh5yTK9QJze8zA0C,pop,Undirected,1,
4fxd5Ee7UefO4CUXgwJ7IP,20wkVLutqVOYrc0kxFs7rA,pop,Undirected,1,
4fxd5Ee7UefO4CUXgwJ7IP,1McMsnEElThX1knmY4oliG,pop,Undirected,1,
4fxd5Ee7UefO4CUXgwJ7IP,1U1el3k54VvEUzo3ybLPlM,pop,Undirected,1,
4fxd5Ee7UefO4CUXgwJ7IP,6M2wZ9GZgrQXHCFfjv46we,pop,Undirected,1,
4fxd5Ee7UefO4CUXgwJ7IP,7tYKF4w9nC0nq9CsPZTHyP,pop,Undirected,1,
4fxd5Ee7UefO4CUXgwJ7IP,5CiGnKThu5ctn9pBxv7DGa,pop,Undirected,1,
4fxd5Ee7UefO4CUXgwJ7IP,5cj0lLjcoR7YOSnhnX0Po5,pop,Undirected,1,
4fxd5Ee7UefO4CUXgwJ7IP,6KImCVD70vtIoJWnq6nGn3,pop,Undirected,1,
4fxd5Ee7UefO4CUXgwJ7IP,4GNC7GD6oZMSxPGyXy4MNB,pop,Undirected,1,
4fxd5Ee7UefO4CUXgwJ7IP,6LuN9FCkKOj5PcnpouEgny,pop,Undirected,1,
4fxd5Ee7UefO4CUXgwJ7IP,5KNNVgR6LBIABRIomyCwKJ,pop,Undirected,1,
4fxd5Ee7UefO4CUXgwJ7IP,2o5jDhtHVPhrJdv3cEQ99Z,pop,Undirected,1,
4fxd5Ee7UefO4CUXgwJ7IP,0C8ZW7ezQVs4URX5aX7Kqx,pop,Undirected,1,
4fxd5Ee7UefO4CUXgwJ7IP,66CXWjxzNUsdJxJ2JdwvnR,pop,Undirected,1,
4fxd5Ee7UefO4CUXgwJ7IP,45dkTj5sMRSjrmBSBeiHym,pop,Undirected,1,
4fxd5Ee7UefO4CUXgwJ7IP,6WY7D3jk8zTrHtmkqqo5GI,pop,Undirected,1,
4fxd5Ee7UefO4CUXgwJ7IP,06HL4z0CvFAxyc27GXpf02,pop,Undirected,1,
4fxd5Ee7UefO4CUXgwJ7IP,181bsRPaVXVlUKXrxwZfHK,pop,Undirected,1,
4fxd5Ee7UefO4CUXgwJ7IP,04gDigrS5kc9YWfZHwBETP,pop,Undirected,1,
4fxd5Ee7UefO4CUXgwJ7IP,6S2OmqARrzebs0tKUEyXyp,pop,Undirected,1,
4fxd5Ee7UefO4CUXgwJ7IP,6cK3NBO6uP7hh0oyuVELFl,pop,Undirected,1,
4fxd5Ee7UefO4CUXgwJ7IP,6aZyMrc4doVtZyKNilOmwu,pop,Undirected,1,
4fxd5Ee7UefO4CUXgwJ7IP,20wkVLutqVOYrc0kxFs7rA,r&b,Undirected,1,
4fxd5Ee7UefO4CUXgwJ7IP,7tYKF4w9nC0nq9CsPZTHyP,r&b,Undirected,1,
4fxd5Ee7UefO4CUXgwJ7IP,4IVAbR2w4JJNJDDRFP3E83,r&b,Undirected,1,
4fxd5Ee7UefO4CUXgwJ7IP,6cK3NBO6uP7hh0oyuVELFl,r&b,Undirected,1,
1Xyo4u8uXC1ZmMpatF05PJ,20wkVLutqVOYrc0kxFs7rA,canadian contemporary r&b,Undirected,1,
1Xyo4u8uXC1ZmMpatF05PJ,1uNFoZAHBGtllmzznpCI3s,canadian pop,Undirected,1,
1Xyo4u8uXC1ZmMpatF05PJ,3TVXtAsR1Inumwj472S9r4,canadian pop,Undirected,1,
1Xyo4u8uXC1ZmMpatF05PJ,1uNFoZAHBGtllmzznpCI3s,pop,Undirected,1,
1Xyo4u8uXC1ZmMpatF05PJ,4kYSro6naA4h99UJvo89HB,pop,Undirected,1,
1Xyo4u8uXC1ZmMpatF05PJ,0du5cEVh5yTK9QJze8zA0C,pop,Undirected,1,
1Xyo4u8uXC1ZmMpatF05PJ,20wkVLutqVOYrc0kxFs7rA,pop,Undirected,1,
1Xyo4u8uXC1ZmMpatF05PJ,1McMsnEElThX1knmY4oliG,pop,Undirected,1,
1Xyo4u8uXC1ZmMpatF05PJ,1U1el3k54VvEUzo3ybLPlM,pop,Undirected,1,
1Xyo4u8uXC1ZmMpatF05PJ,6M2wZ9GZgrQXHCFfjv46we,pop,Undirected,1,
1Xyo4u8uXC1ZmMpatF05PJ,7tYKF4w9nC0nq9CsPZTHyP,pop,Undirected,1,
1Xyo4u8uXC1ZmMpatF05PJ,5CiGnKThu5ctn9pBxv7DGa,pop,Undirected,1,
1Xyo4u8uXC1ZmMpatF05PJ,5cj0lLjcoR7YOSnhnX0Po5,pop,Undirected,1,
1Xyo4u8uXC1ZmMpatF05PJ,6KImCVD70vtIoJWnq6nGn3,pop,Undirected,1,
1Xyo4u8uXC1ZmMpatF05PJ,4GNC7GD6oZMSxPGyXy4MNB,pop,Undirected,1,
1Xyo4u8uXC1ZmMpatF05PJ,6LuN9FCkKOj5PcnpouEgny,pop,Undirected,1,
1Xyo4u8uXC1ZmMpatF05PJ,5KNNVgR6LBIABRIomyCwKJ,pop,Undirected,1,
1Xyo4u8uXC1ZmMpatF05PJ,2o5jDhtHVPhrJdv3cEQ99Z,pop,Undirected,1,
1Xyo4u8uXC1ZmMpatF05PJ,0C8ZW7ezQVs4URX5aX7Kqx,pop,Undirected,1,
1Xyo4u8uXC1ZmMpatF05PJ,66CXWjxzNUsdJxJ2JdwvnR,pop,Undirected,1,
1Xyo4u8uXC1ZmMpatF05PJ,45dkTj5sMRSjrmBSBeiHym,pop,Undirected,1,
1Xyo4u8uXC1ZmMpatF05PJ,6WY7D3jk8zTrHtmkqqo5GI,pop,Undirected,1,
1Xyo4u8uXC1ZmMpatF05PJ,06HL4z0CvFAxyc27GXpf02,pop,Undirected,1,
1Xyo4u8uXC1ZmMpatF05PJ,181bsRPaVXVlUKXrxwZfHK,pop,Undirected,1,
1Xyo4u8uXC1ZmMpatF05PJ,04gDigrS5kc9YWfZHwBETP,pop,Undirected,1,
1Xyo4u8uXC1ZmMpatF05PJ,6S2OmqARrzebs0tKUEyXyp,pop,Undirected,1,
1Xyo4u8uXC1ZmMpatF05PJ,6cK3NBO6uP7hh0oyuVELFl,pop,Undirected,1,
1Xyo4u8uXC1ZmMpatF05PJ,6aZyMrc4doVtZyKNilOmwu,pop,Undirected,1,
1uNFoZAHBGtllmzznpCI3s,3TVXtAsR1Inumwj472S9r4,canadian pop,Undirected,1,
1uNFoZAHBGtllmzznpCI3s,4kYSro6naA4h99UJvo89HB,pop,Undirected,1,
1uNFoZAHBGtllmzznpCI3s,0du5cEVh5yTK9QJze8zA0C,pop,Undirected,1,
1uNFoZAHBGtllmzznpCI3s,20wkVLutqVOYrc0kxFs7rA,pop,Undirected,1,
1uNFoZAHBGtllmzznpCI3s,1McMsnEElThX1knmY4oliG,pop,Undirected,1,
1uNFoZAHBGtllmzznpCI3s,1U1el3k54VvEUzo3ybLPlM,pop,Undirected,1,
1uNFoZAHBGtllmzznpCI3s,6M2wZ9GZgrQXHCFfjv46we,pop,Undirected,1,
1uNFoZAHBGtllmzznpCI3s,7tYKF4w9nC0nq9CsPZTHyP,pop,Undirected,1,
1uNFoZAHBGtllmzznpCI3s,5CiGnKThu5ctn9pBxv7DGa,pop,Undirected,1,
1uNFoZAHBGtllmzznpCI3s,5cj0lLjcoR7YOSnhnX0Po5,pop,Undirected,1,
1uNFoZAHBGtllmzznpCI3s,6KImCVD70vtIoJWnq6nGn3,pop,Undirected,1,
1uNFoZAHBGtllmzznpCI3s,4GNC7GD6oZMSxPGyXy4MNB,pop,Undirected,1,
1uNFoZAHBGtllmzznpCI3s,6LuN9FCkKOj5PcnpouEgny,pop,Undirected,1,
1uNFoZAHBGtllmzznpCI3s,5KNNVgR6LBIABRIomyCwKJ,pop,Undirected,1,
1uNFoZAHBGtllmzznpCI3s,2o5jDhtHVPhrJdv3cEQ99Z,pop,Undirected,1,
1uNFoZAHBGtllmzznpCI3s,0C8ZW7ezQVs4URX5aX7Kqx,pop,Undirected,1,
1uNFoZAHBGtllmzznpCI3s,66CXWjxzNUsdJxJ2JdwvnR,pop,Undirected,1,
1uNFoZAHBGtllmzznpCI3s,45dkTj5sMRSjrmBSBeiHym,pop,Undirected,1,
1uNFoZAHBGtllmzznpCI3s,6WY7D3jk8zTrHtmkqqo5GI,pop,Undirected,1,
1uNFoZAHBGtllmzznpCI3s,06HL4z0CvFAxyc27GXpf02,pop,Undirected,1,
1uNFoZAHBGtllmzznpCI3s,181bsRPaVXVlUKXrxwZfHK,pop,Undirected,1,
1uNFoZAHBGtllmzznpCI3s,04gDigrS5kc9YWfZHwBETP,pop,Undirected,1,
1uNFoZAHBGtllmzznpCI3s,6S2OmqARrzebs0tKUEyXyp,pop,Undirected,1,
1uNFoZAHBGtllmzznpCI3s,6cK3NBO6uP7hh0oyuVELFl,pop,Undirected,1,
1uNFoZAHBGtllmzznpCI3s,6aZyMrc4doVtZyKNilOmwu,pop,Undirected,1,
1uNFoZAHBGtllmzznpCI3s,4kYSro6naA4h99UJvo89HB,post-teen pop,Undirected,1,
1uNFoZAHBGtllmzznpCI3s,0du5cEVh5yTK9QJze8zA0C,post-teen pop,Undirected,1,
1uNFoZAHBGtllmzznpCI3s,1McMsnEElThX1knmY4oliG,post-teen pop,Undirected,1,
1uNFoZAHBGtllmzznpCI3s,6KImCVD70vtIoJWnq6nGn3,post-teen pop,Undirected,1,
1uNFoZAHBGtllmzznpCI3s,6LuN9FCkKOj5PcnpouEgny,post-teen pop,Undirected,1,
1uNFoZAHBGtllmzznpCI3s,0C8ZW7ezQVs4URX5aX7Kqx,post-teen pop,Undirected,1,
1uNFoZAHBGtllmzznpCI3s,66CXWjxzNUsdJxJ2JdwvnR,post-teen pop,Undirected,1,
1uNFoZAHBGtllmzznpCI3s,45dkTj5sMRSjrmBSBeiHym,post-teen pop,Undirected,1,
1uNFoZAHBGtllmzznpCI3s,06HL4z0CvFAxyc27GXpf02,post-teen pop,Undirected,1,
1uNFoZAHBGtllmzznpCI3s,6S2OmqARrzebs0tKUEyXyp,post-teen pop,Undirected,1,
1uNFoZAHBGtllmzznpCI3s,6cK3NBO6uP7hh0oyuVELFl,post-teen pop,Undirected,1,
1uNFoZAHBGtllmzznpCI3s,6aZyMrc4doVtZyKNilOmwu,post-teen pop,Undirected,1,
4kYSro6naA4h99UJvo89HB,0du5cEVh5yTK9QJze8zA0C,pop,Undirected,1,
4kYSro6naA4h99UJvo89HB,20wkVLutqVOYrc0kxFs7rA,pop,Undirected,1,
4kYSro6naA4h99UJvo89HB,1McMsnEElThX1knmY4oliG,pop,Undirected,1,
4kYSro6naA4h99UJvo89HB,1U1el3k54VvEUzo3ybLPlM,pop,Undirected,1,
4kYSro6naA4h99UJvo89HB,6M2wZ9GZgrQXHCFfjv46we,pop,Undirected,1,
4kYSro6naA4h99UJvo89HB,7tYKF4w9nC0nq9CsPZTHyP,pop,Undirected,1,
4kYSro6naA4h99UJvo89HB,5CiGnKThu5ctn9pBxv7DGa,pop,Undirected,1,
4kYSro6naA4h99UJvo89HB,5cj0lLjcoR7YOSnhnX0Po5,pop,Undirected,1,
4kYSro6naA4h99UJvo89HB,6KImCVD70vtIoJWnq6nGn3,pop,Undirected,1,
4kYSro6naA4h99UJvo89HB,4GNC7GD6oZMSxPGyXy4MNB,pop,Undirected,1,
4kYSro6naA4h99UJvo89HB,6LuN9FCkKOj5PcnpouEgny,pop,Undirected,1,
4kYSro6naA4h99UJvo89HB,5KNNVgR6LBIABRIomyCwKJ,pop,Undirected,1,
4kYSro6naA4h99UJvo89HB,2o5jDhtHVPhrJdv3cEQ99Z,pop,Undirected,1,
4kYSro6naA4h99UJvo89HB,0C8ZW7ezQVs4URX5aX7Kqx,pop,Undirected,1,
4kYSro6naA4h99UJvo89HB,66CXWjxzNUsdJxJ2JdwvnR,pop,Undirected,1,
4kYSro6naA4h99UJvo89HB,45dkTj5sMRSjrmBSBeiHym,pop,Undirected,1,
4kYSro6naA4h99UJvo89HB,6WY7D3jk8zTrHtmkqqo5GI,pop,Undirected,1,
4kYSro6naA4h99UJvo89HB,06HL4z0CvFAxyc27GXpf02,pop,Undirected,1,
4kYSro6naA4h99UJvo89HB,181bsRPaVXVlUKXrxwZfHK,pop,Undirected,1,
4kYSro6naA4h99UJvo89HB,04gDigrS5kc9YWfZHwBETP,pop,Undirected,1,
4kYSro6naA4h99UJvo89HB,6S2OmqARrzebs0tKUEyXyp,pop,Undirected,1,
4kYSro6naA4h99UJvo89HB,6cK3NBO6uP7hh0oyuVELFl,pop,Undirected,1,
4kYSro6naA4h99UJvo89HB,6aZyMrc4doVtZyKNilOmwu,pop,Undirected,1,
4kYSro6naA4h99UJvo89HB,7tYKF4w9nC0nq9CsPZTHyP,pop rap,Undirected,1,
4kYSro6naA4h99UJvo89HB,5CiGnKThu5ctn9pBxv7DGa,pop rap,Undirected,1,
4kYSro6naA4h99UJvo89HB,5cj0lLjcoR7YOSnhnX0Po5,pop rap,Undirected,1,
4kYSro6naA4h99UJvo89HB,1anyVhU62p31KFi8MEzkbf,pop rap,Undirected,1,
4kYSro6naA4h99UJvo89HB,3TVXtAsR1Inumwj472S9r4,pop rap,Undirected,1,
4kYSro6naA4h99UJvo89HB,6ASri4ePR7RlsvIQgWPJpS,pop rap,Undirected,1,
4kYSro6naA4h99UJvo89HB,6MPCFvOQv5cIGfw3jODMF0,pop rap,Undirected,1,
4kYSro6naA4h99UJvo89HB,7rkW85dBwwrJtlHRDkJDAC,pop rap,Undirected,1,
4kYSro6naA4h99UJvo89HB,7jVv8c5Fj3E9VhNjxT4snq,pop rap,Undirected,1,
4kYSro6naA4h99UJvo89HB,181bsRPaVXVlUKXrxwZfHK,pop rap,Undirected,1,
4kYSro6naA4h99UJvo89HB,6cK3NBO6uP7hh0oyuVELFl,pop rap,Undirected,1,
4kYSro6naA4h99UJvo89HB,1HwM5zlC5qNWhJtM00yXzG,pop rap,Undirected,1,
4kYSro6naA4h99UJvo89HB,50co4Is1HCEo8bhOyUWKpn,pop rap,Undirected,1,
4kYSro6naA4h99UJvo89HB,0du5cEVh5yTK9QJze8zA0C,post-teen pop,Undirected,1,
4kYSro6naA4h99UJvo89HB,1McMsnEElThX1knmY4oliG,post-teen pop,Undirected,1,
4kYSro6naA4h99UJvo89HB,6KImCVD70vtIoJWnq6nGn3,post-teen pop,Undirected,1,
4kYSro6naA4h99UJvo89HB,6LuN9FCkKOj5PcnpouEgny,post-teen pop,Undirected,1,
4kYSro6naA4h99UJvo89HB,0C8ZW7ezQVs4URX5aX7Kqx,post-teen pop,Undirected,1,
4kYSro6naA4h99UJvo89HB,66CXWjxzNUsdJxJ2JdwvnR,post-teen pop,Undirected,1,
4kYSro6naA4h99UJvo89HB,45dkTj5sMRSjrmBSBeiHym,post-teen pop,Undirected,1,
4kYSro6naA4h99UJvo89HB,06HL4z0CvFAxyc27GXpf02,post-teen pop,Undirected,1,
4kYSro6naA4h99UJvo89HB,6S2OmqARrzebs0tKUEyXyp,post-teen pop,Undirected,1,
4kYSro6naA4h99UJvo89HB,6cK3NBO6uP7hh0oyuVELFl,post-teen pop,Undirected,1,
4kYSro6naA4h99UJvo89HB,6aZyMrc4doVtZyKNilOmwu,post-teen pop,Undirected,1,
4kYSro6naA4h99UJvo89HB,4r63FhuTkUYltbVAg5TQnk,rap,Undirected,1,
4kYSro6naA4h99UJvo89HB,1anyVhU62p31KFi8MEzkbf,rap,Undirected,1,
4kYSro6naA4h99UJvo89HB,0Y5tJX1MQlPlqiwlOH1tJY,rap,Undirected,1,
4kYSro6naA4h99UJvo89HB,4IVAbR2w4JJNJDDRFP3E83,rap,Undirected,1,
4kYSro6naA4h99UJvo89HB,3TVXtAsR1Inumwj472S9r4,rap,Undirected,1,
4kYSro6naA4h99UJvo89HB,6MPCFvOQv5cIGfw3jODMF0,rap,Undirected,1,
4kYSro6naA4h99UJvo89HB,2hlmm7s2ICUX0LVIhVFlZQ,rap,Undirected,1,
4kYSro6naA4h99UJvo89HB,4Gso3d4CscCijv0lmajZWs,rap,Undirected,1,
4kYSro6naA4h99UJvo89HB,7rkW85dBwwrJtlHRDkJDAC,rap,Undirected,1,
4kYSro6naA4h99UJvo89HB,1HwM5zlC5qNWhJtM00yXzG,rap,Undirected,1,
4kYSro6naA4h99UJvo89HB,50co4Is1HCEo8bhOyUWKpn,rap,Undirected,1,
4q3ewBCX7sLwd24euuV69X,3E6xrwgnVfYCrCs0ePERDz,latin,Undirected,1,
4q3ewBCX7sLwd24euuV69X,0n6sKrG0xKAf8xmdqeNGke,latin,Undirected,1,
4q3ewBCX7sLwd24euuV69X,2LmcxBak1alK1bf7d1beTr,latin,Undirected,1,
4q3ewBCX7sLwd24euuV69X,0EFisYRi20PTADoJrifHrz,latin,Undirected,1,
4q3ewBCX7sLwd24euuV69X,77ziqFxp5gaInVrF2lj4ht,latin,Undirected,1,
4q3ewBCX7sLwd24euuV69X,790FomKkXshlbRYZFtlgla,latin,Undirected,1,
4q3ewBCX7sLwd24euuV69X,5hdhHgpxyniooUiQVaPxQ0,latin,Undirected,1,
4q3ewBCX7sLwd24euuV69X,3E6xrwgnVfYCrCs0ePERDz,reggaeton,Undirected,1,
4q3ewBCX7sLwd24euuV69X,0n6sKrG0xKAf8xmdqeNGke,reggaeton,Undirected,1,
4q3ewBCX7sLwd24euuV69X,2LmcxBak1alK1bf7d1beTr,reggaeton,Undirected,1,
4q3ewBCX7sLwd24euuV69X,0EFisYRi20PTADoJrifHrz,reggaeton,Undirected,1,
4q3ewBCX7sLwd24euuV69X,77ziqFxp5gaInVrF2lj4ht,reggaeton,Undirected,1,
4q3ewBCX7sLwd24euuV69X,790FomKkXshlbRYZFtlgla,reggaeton,Undirected,1,
4q3ewBCX7sLwd24euuV69X,2oT7xd9iTO2ejLsNGIMa5f,reggaeton,Undirected,1,
4q3ewBCX7sLwd24euuV69X,5hdhHgpxyniooUiQVaPxQ0,reggaeton,Undirected,1,
4q3ewBCX7sLwd24euuV69X,7iK8PXO48WeuP03g8YR51W,trap latino,Undirected,1,
4q3ewBCX7sLwd24euuV69X,4riOEaOW5hCeqomFDBk0aP,trap latino,Undirected,1,
4q3ewBCX7sLwd24euuV69X,3E6xrwgnVfYCrCs0ePERDz,trap latino,Undirected,1,
4q3ewBCX7sLwd24euuV69X,0n6sKrG0xKAf8xmdqeNGke,trap latino,Undirected,1,
4q3ewBCX7sLwd24euuV69X,2UZIAOlrnyZmyzt1nuXr9y,trap latino,Undirected,1,
4q3ewBCX7sLwd24euuV69X,2LmcxBak1alK1bf7d1beTr,trap latino,Undirected,1,
4q3ewBCX7sLwd24euuV69X,0EFisYRi20PTADoJrifHrz,trap latino,Undirected,1,
4q3ewBCX7sLwd24euuV69X,77ziqFxp5gaInVrF2lj4ht,trap latino,Undirected,1,
4q3ewBCX7sLwd24euuV69X,790FomKkXshlbRYZFtlgla,trap latino,Undirected,1,
4q3ewBCX7sLwd24euuV69X,1mcTU81TzQhprhouKaTkpq,trap latino,Undirected,1,
4q3ewBCX7sLwd24euuV69X,2oT7xd9iTO2ejLsNGIMa5f,trap latino,Undirected,1,
4q3ewBCX7sLwd24euuV69X,5hdhHgpxyniooUiQVaPxQ0,trap latino,Undirected,1,
4q3ewBCX7sLwd24euuV69X,0KKUc4amZyvswV2YL6WTar,trap latino,Undirected,1,
0du5cEVh5yTK9QJze8zA0C,6M2wZ9GZgrQXHCFfjv46we,dance pop,Undirected,1,
0du5cEVh5yTK9QJze8zA0C,0u6GtibW46tFX7koQ6uNJZ,dance pop,Undirected,1,
0du5cEVh5yTK9QJze8zA0C,5cj0lLjcoR7YOSnhnX0Po5,dance pop,Undirected,1,
0du5cEVh5yTK9QJze8zA0C,2o5jDhtHVPhrJdv3cEQ99Z,dance pop,Undirected,1,
0du5cEVh5yTK9QJze8zA0C,0C8ZW7ezQVs4URX5aX7Kqx,dance pop,Undirected,1,
0du5cEVh5yTK9QJze8zA0C,0xRXCcSX89eobfrshSVdyu,dance pop,Undirected,1,
0du5cEVh5yTK9QJze8zA0C,7i9j813KFoSBMldGqlh2Z1,dance pop,Undirected,1,
0du5cEVh5yTK9QJze8zA0C,45dkTj5sMRSjrmBSBeiHym,dance pop,Undirected,1,
0du5cEVh5yTK9QJze8zA0C,6DgP9otnZw5z6daOntINxp,dance pop,Undirected,1,
0du5cEVh5yTK9QJze8zA0C,6S2OmqARrzebs0tKUEyXyp,dance pop,Undirected,1,
0du5cEVh5yTK9QJze8zA0C,6cK3NBO6uP7hh0oyuVELFl,dance pop,Undirected,1,
0du5cEVh5yTK9QJze8zA0C,6aZyMrc4doVtZyKNilOmwu,dance pop,Undirected,1,
0du5cEVh5yTK9QJze8zA0C,20wkVLutqVOYrc0kxFs7rA,pop,Undirected,1,
0du5cEVh5yTK9QJze8zA0C,1McMsnEElThX1knmY4oliG,pop,Undirected,1,
0du5cEVh5yTK9QJze8zA0C,1U1el3k54VvEUzo3ybLPlM,pop,Undirected,1,
0du5cEVh5yTK9QJze8zA0C,6M2wZ9GZgrQXHCFfjv46we,pop,Undirected,1,
0du5cEVh5yTK9QJze8zA0C,7tYKF4w9nC0nq9CsPZTHyP,pop,Undirected,1,
0du5cEVh5yTK9QJze8zA0C,5CiGnKThu5ctn9pBxv7DGa,pop,Undirected,1,
0du5cEVh5yTK9QJze8zA0C,5cj0lLjcoR7YOSnhnX0Po5,pop,Undirected,1,
0du5cEVh5yTK9QJze8zA0C,6KImCVD70vtIoJWnq6nGn3,pop,Undirected,1,
0du5cEVh5yTK9QJze8zA0C,4GNC7GD6oZMSxPGyXy4MNB,pop,Undirected,1,
0du5cEVh5yTK9QJze8zA0C,6LuN9FCkKOj5PcnpouEgny,pop,Undirected,1,
0du5cEVh5yTK9QJze8zA0C,5KNNVgR6LBIABRIomyCwKJ,pop,Undirected,1,
0du5cEVh5yTK9QJze8zA0C,2o5jDhtHVPhrJdv3cEQ99Z,pop,Undirected,1,
0du5cEVh5yTK9QJze8zA0C,0C8ZW7ezQVs4URX5aX7Kqx,pop,Undirected,1,
0du5cEVh5yTK9QJze8zA0C,66CXWjxzNUsdJxJ2JdwvnR,pop,Undirected,1,
0du5cEVh5yTK9QJze8zA0C,45dkTj5sMRSjrmBSBeiHym,pop,Undirected,1,
0du5cEVh5yTK9QJze8zA0C,6WY7D3jk8zTrHtmkqqo5GI,pop,Undirected,1,
0du5cEVh5yTK9QJze8zA0C,06HL4z0CvFAxyc27GXpf02,pop,Undirected,1,
0du5cEVh5yTK9QJze8zA0C,181bsRPaVXVlUKXrxwZfHK,pop,Undirected,1,
0du5cEVh5yTK9QJze8zA0C,04gDigrS5kc9YWfZHwBETP,pop,Undirected,1,
0du5cEVh5yTK9QJze8zA0C,6S2OmqARrzebs0tKUEyXyp,pop,Undirected,1,
0du5cEVh5yTK9QJze8zA0C,6cK3NBO6uP7hh0oyuVELFl,pop,Undirected,1,
0du5cEVh5yTK9QJze8zA0C,6aZyMrc4doVtZyKNilOmwu,pop,Undirected,1,
0du5cEVh5yTK9QJze8zA0C,1McMsnEElThX1knmY4oliG,post-teen pop,Undirected,1,
0du5cEVh5yTK9QJze8zA0C,6KImCVD70vtIoJWnq6nGn3,post-teen pop,Undirected,1,
0du5cEVh5yTK9QJze8zA0C,6LuN9FCkKOj5PcnpouEgny,post-teen pop,Undirected,1,
0du5cEVh5yTK9QJze8zA0C,0C8ZW7ezQVs4URX5aX7Kqx,post-teen pop,Undirected,1,
0du5cEVh5yTK9QJze8zA0C,66CXWjxzNUsdJxJ2JdwvnR,post-teen pop,Undirected,1,
0du5cEVh5yTK9QJze8zA0C,45dkTj5sMRSjrmBSBeiHym,post-teen pop,Undirected,1,
0du5cEVh5yTK9QJze8zA0C,06HL4z0CvFAxyc27GXpf02,post-teen pop,Undirected,1,
0du5cEVh5yTK9QJze8zA0C,6S2OmqARrzebs0tKUEyXyp,post-teen pop,Undirected,1,
0du5cEVh5yTK9QJze8zA0C,6cK3NBO6uP7hh0oyuVELFl,post-teen pop,Undirected,1,
0du5cEVh5yTK9QJze8zA0C,6aZyMrc4doVtZyKNilOmwu,post-teen pop,Undirected,1,
20wkVLutqVOYrc0kxFs7rA,1McMsnEElThX1knmY4oliG,pop,Undirected,1,
20wkVLutqVOYrc0kxFs7rA,1U1el3k54VvEUzo3ybLPlM,pop,Undirected,1,
20wkVLutqVOYrc0kxFs7rA,6M2wZ9GZgrQXHCFfjv46we,pop,Undirected,1,
20wkVLutqVOYrc0kxFs7rA,7tYKF4w9nC0nq9CsPZTHyP,pop,Undirected,1,
20wkVLutqVOYrc0kxFs7rA,5CiGnKThu5ctn9pBxv7DGa,pop,Undirected,1,
20wkVLutqVOYrc0kxFs7rA,5cj0lLjcoR7YOSnhnX0Po5,pop,Undirected,1,
20wkVLutqVOYrc0kxFs7rA,6KImCVD70vtIoJWnq6nGn3,pop,Undirected,1,
20wkVLutqVOYrc0kxFs7rA,4GNC7GD6oZMSxPGyXy4MNB,pop,Undirected,1,
20wkVLutqVOYrc0kxFs7rA,6LuN9FCkKOj5PcnpouEgny,pop,Undirected,1,
20wkVLutqVOYrc0kxFs7rA,5KNNVgR6LBIABRIomyCwKJ,pop,Undirected,1,
20wkVLutqVOYrc0kxFs7rA,2o5jDhtHVPhrJdv3cEQ99Z,pop,Undirected,1,
20wkVLutqVOYrc0kxFs7rA,0C8ZW7ezQVs4URX5aX7Kqx,pop,Undirected,1,
20wkVLutqVOYrc0kxFs7rA,66CXWjxzNUsdJxJ2JdwvnR,pop,Undirected,1,
20wkVLutqVOYrc0kxFs7rA,45dkTj5sMRSjrmBSBeiHym,pop,Undirected,1,
20wkVLutqVOYrc0kxFs7rA,6WY7D3jk8zTrHtmkqqo5GI,pop,Undirected,1,
20wkVLutqVOYrc0kxFs7rA,06HL4z0CvFAxyc27GXpf02,pop,Undirected,1,
20wkVLutqVOYrc0kxFs7rA,181bsRPaVXVlUKXrxwZfHK,pop,Undirected,1,
20wkVLutqVOYrc0kxFs7rA,04gDigrS5kc9YWfZHwBETP,pop,Undirected,1,
20wkVLutqVOYrc0kxFs7rA,6S2OmqARrzebs0tKUEyXyp,pop,Undirected,1,
20wkVLutqVOYrc0kxFs7rA,6cK3NBO6uP7hh0oyuVELFl,pop,Undirected,1,
20wkVLutqVOYrc0kxFs7rA,6aZyMrc4doVtZyKNilOmwu,pop,Undirected,1,
20wkVLutqVOYrc0kxFs7rA,7tYKF4w9nC0nq9CsPZTHyP,r&b,Undirected,1,
20wkVLutqVOYrc0kxFs7rA,4IVAbR2w4JJNJDDRFP3E83,r&b,Undirected,1,
20wkVLutqVOYrc0kxFs7rA,6cK3NBO6uP7hh0oyuVELFl,r&b,Undirected,1,
1McMsnEElThX1knmY4oliG,1U1el3k54VvEUzo3ybLPlM,pop,Undirected,1,
1McMsnEElThX1knmY4oliG,6M2wZ9GZgrQXHCFfjv46we,pop,Undirected,1,
1McMsnEElThX1knmY4oliG,7tYKF4w9nC0nq9CsPZTHyP,pop,Undirected,1,
1McMsnEElThX1knmY4oliG,5CiGnKThu5ctn9pBxv7DGa,pop,Undirected,1,
1McMsnEElThX1knmY4oliG,5cj0lLjcoR7YOSnhnX0Po5,pop,Undirected,1,
1McMsnEElThX1knmY4oliG,6KImCVD70vtIoJWnq6nGn3,pop,Undirected,1,
1McMsnEElThX1knmY4oliG,4GNC7GD6oZMSxPGyXy4MNB,pop,Undirected,1,
1McMsnEElThX1knmY4oliG,6LuN9FCkKOj5PcnpouEgny,pop,Undirected,1,
1McMsnEElThX1knmY4oliG,5KNNVgR6LBIABRIomyCwKJ,pop,Undirected,1,
1McMsnEElThX1knmY4oliG,2o5jDhtHVPhrJdv3cEQ99Z,pop,Undirected,1,
1McMsnEElThX1knmY4oliG,0C8ZW7ezQVs4URX5aX7Kqx,pop,Undirected,1,
1McMsnEElThX1knmY4oliG,66CXWjxzNUsdJxJ2JdwvnR,pop,Undirected,1,
1McMsnEElThX1knmY4oliG,45dkTj5sMRSjrmBSBeiHym,pop,Undirected,1,
1McMsnEElThX1knmY4oliG,6WY7D3jk8zTrHtmkqqo5GI,pop,Undirected,1,
1McMsnEElThX1knmY4oliG,06HL4z0CvFAxyc27GXpf02,pop,Undirected,1,
1McMsnEElThX1knmY4oliG,181bsRPaVXVlUKXrxwZfHK,pop,Undirected,1,
1McMsnEElThX1knmY4oliG,04gDigrS5kc9YWfZHwBETP,pop,Undirected,1,
1McMsnEElThX1knmY4oliG,6S2OmqARrzebs0tKUEyXyp,pop,Undirected,1,
1McMsnEElThX1knmY4oliG,6cK3NBO6uP7hh0oyuVELFl,pop,Undirected,1,
1McMsnEElThX1knmY4oliG,6aZyMrc4doVtZyKNilOmwu,pop,Undirected,1,
1McMsnEElThX1knmY4oliG,6KImCVD70vtIoJWnq6nGn3,post-teen pop,Undirected,1,
1McMsnEElThX1knmY4oliG,6LuN9FCkKOj5PcnpouEgny,post-teen pop,Undirected,1,
1McMsnEElThX1knmY4oliG,0C8ZW7ezQVs4URX5aX7Kqx,post-teen pop,Undirected,1,
1McMsnEElThX1knmY4oliG,66CXWjxzNUsdJxJ2JdwvnR,post-teen pop,Undirected,1,
1McMsnEElThX1knmY4oliG,45dkTj5sMRSjrmBSBeiHym,post-teen pop,Undirected,1,
1McMsnEElThX1knmY4oliG,06HL4z0CvFAxyc27GXpf02,post-teen pop,Undirected,1,
1McMsnEElThX1knmY4oliG,6S2OmqARrzebs0tKUEyXyp,post-teen pop,Undirected,1,
1McMsnEElThX1knmY4oliG,6cK3NBO6uP7hh0oyuVELFl,post-teen pop,Undirected,1,
1McMsnEElThX1knmY4oliG,6aZyMrc4doVtZyKNilOmwu,post-teen pop,Undirected,1,
1U1el3k54VvEUzo3ybLPlM,6M2wZ9GZgrQXHCFfjv46we,pop,Undirected,1,
1U1el3k54VvEUzo3ybLPlM,7tYKF4w9nC0nq9CsPZTHyP,pop,Undirected,1,
1U1el3k54VvEUzo3ybLPlM,5CiGnKThu5ctn9pBxv7DGa,pop,Undirected,1,
1U1el3k54VvEUzo3ybLPlM,5cj0lLjcoR7YOSnhnX0Po5,pop,Undirected,1,
1U1el3k54VvEUzo3ybLPlM,6KImCVD70vtIoJWnq6nGn3,pop,Undirected,1,
1U1el3k54VvEUzo3ybLPlM,4GNC7GD6oZMSxPGyXy4MNB,pop,Undirected,1,
1U1el3k54VvEUzo3ybLPlM,6LuN9FCkKOj5PcnpouEgny,pop,Undirected,1,
1U1el3k54VvEUzo3ybLPlM,5KNNVgR6LBIABRIomyCwKJ,pop,Undirected,1,
1U1el3k54VvEUzo3ybLPlM,2o5jDhtHVPhrJdv3cEQ99Z,pop,Undirected,1,
1U1el3k54VvEUzo3ybLPlM,0C8ZW7ezQVs4URX5aX7Kqx,pop,Undirected,1,
1U1el3k54VvEUzo3ybLPlM,66CXWjxzNUsdJxJ2JdwvnR,pop,Undirected,1,
1U1el3k54VvEUzo3ybLPlM,45dkTj5sMRSjrmBSBeiHym,pop,Undirected,1,
1U1el3k54VvEUzo3ybLPlM,6WY7D3jk8zTrHtmkqqo5GI,pop,Undirected,1,
1U1el3k54VvEUzo3ybLPlM,06HL4z0CvFAxyc27GXpf02,pop,Undirected,1,
1U1el3k54VvEUzo3ybLPlM,181bsRPaVXVlUKXrxwZfHK,pop,Undirected,1,
1U1el3k54VvEUzo3ybLPlM,04gDigrS5kc9YWfZHwBETP,pop,Undirected,1,
1U1el3k54VvEUzo3ybLPlM,6S2OmqARrzebs0tKUEyXyp,pop,Undirected,1,
1U1el3k54VvEUzo3ybLPlM,6cK3NBO6uP7hh0oyuVELFl,pop,Undirected,1,
1U1el3k54VvEUzo3ybLPlM,6aZyMrc4doVtZyKNilOmwu,pop,Undirected,1,
6M2wZ9GZgrQXHCFfjv46we,0u6GtibW46tFX7koQ6uNJZ,dance pop,Undirected,1,
6M2wZ9GZgrQXHCFfjv46we,5cj0lLjcoR7YOSnhnX0Po5,dance pop,Undirected,1,
6M2wZ9GZgrQXHCFfjv46we,2o5jDhtHVPhrJdv3cEQ99Z,dance pop,Undirected,1,
6M2wZ9GZgrQXHCFfjv46we,0C8ZW7ezQVs4URX5aX7Kqx,dance pop,Undirected,1,
6M2wZ9GZgrQXHCFfjv46we,0xRXCcSX89eobfrshSVdyu,dance pop,Undirected,1,
6M2wZ9GZgrQXHCFfjv46we,7i9j813KFoSBMldGqlh2Z1,dance pop,Undirected,1,
6M2wZ9GZgrQXHCFfjv46we,45dkTj5sMRSjrmBSBeiHym,dance pop,Undirected,1,
6M2wZ9GZgrQXHCFfjv46we,6DgP9otnZw5z6daOntINxp,dance pop,Undirected,1,
6M2wZ9GZgrQXHCFfjv46we,6S2OmqARrzebs0tKUEyXyp,dance pop,Undirected,1,
6M2wZ9GZgrQXHCFfjv46we,6cK3NBO6uP7hh0oyuVELFl,dance pop,Undirected,1,
6M2wZ9GZgrQXHCFfjv46we,6aZyMrc4doVtZyKNilOmwu,dance pop,Undirected,1,
6M2wZ9GZgrQXHCFfjv46we,7tYKF4w9nC0nq9CsPZTHyP,pop,Undirected,1,
6M2wZ9GZgrQXHCFfjv46we,5CiGnKThu5ctn9pBxv7DGa,pop,Undirected,1,
6M2wZ9GZgrQXHCFfjv46we,5cj0lLjcoR7YOSnhnX0Po5,pop,Undirected,1,
6M2wZ9GZgrQXHCFfjv46we,6KImCVD70vtIoJWnq6nGn3,pop,Undirected,1,
6M2wZ9GZgrQXHCFfjv46we,4GNC7GD6oZMSxPGyXy4MNB,pop,Undirected,1,
6M2wZ9GZgrQXHCFfjv46we,6LuN9FCkKOj5PcnpouEgny,pop,Undirected,1,
6M2wZ9GZgrQXHCFfjv46we,5KNNVgR6LBIABRIomyCwKJ,pop,Undirected,1,
6M2wZ9GZgrQXHCFfjv46we,2o5jDhtHVPhrJdv3cEQ99Z,pop,Undirected,1,
6M2wZ9GZgrQXHCFfjv46we,0C8ZW7ezQVs4URX5aX7Kqx,pop,Undirected,1,
6M2wZ9GZgrQXHCFfjv46we,66CXWjxzNUsdJxJ2JdwvnR,pop,Undirected,1,
6M2wZ9GZgrQXHCFfjv46we,45dkTj5sMRSjrmBSBeiHym,pop,Undirected,1,
6M2wZ9GZgrQXHCFfjv46we,6WY7D3jk8zTrHtmkqqo5GI,pop,Undirected,1,
6M2wZ9GZgrQXHCFfjv46we,06HL4z0CvFAxyc27GXpf02,pop,Undirected,1,
6M2wZ9GZgrQXHCFfjv46we,181bsRPaVXVlUKXrxwZfHK,pop,Undirected,1,
6M2wZ9GZgrQXHCFfjv46we,04gDigrS5kc9YWfZHwBETP,pop,Undirected,1,
6M2wZ9GZgrQXHCFfjv46we,6S2OmqARrzebs0tKUEyXyp,pop,Undirected,1,
6M2wZ9GZgrQXHCFfjv46we,6cK3NBO6uP7hh0oyuVELFl,pop,Undirected,1,
6M2wZ9GZgrQXHCFfjv46we,6aZyMrc4doVtZyKNilOmwu,pop,Undirected,1,
6M2wZ9GZgrQXHCFfjv46we,4GNC7GD6oZMSxPGyXy4MNB,uk pop,Undirected,1,
7iK8PXO48WeuP03g8YR51W,4riOEaOW5hCeqomFDBk0aP,trap latino,Undirected,1,
7iK8PXO48WeuP03g8YR51W,3E6xrwgnVfYCrCs0ePERDz,trap latino,Undirected,1,
7iK8PXO48WeuP03g8YR51W,0n6sKrG0xKAf8xmdqeNGke,trap latino,Undirected,1,
7iK8PXO48WeuP03g8YR51W,2UZIAOlrnyZmyzt1nuXr9y,trap latino,Undirected,1,
7iK8PXO48WeuP03g8YR51W,2LmcxBak1alK1bf7d1beTr,trap latino,Undirected,1,
7iK8PXO48WeuP03g8YR51W,0EFisYRi20PTADoJrifHrz,trap latino,Undirected,1,
7iK8PXO48WeuP03g8YR51W,77ziqFxp5gaInVrF2lj4ht,trap latino,Undirected,1,
7iK8PXO48WeuP03g8YR51W,790FomKkXshlbRYZFtlgla,trap latino,Undirected,1,
7iK8PXO48WeuP03g8YR51W,1mcTU81TzQhprhouKaTkpq,trap latino,Undirected,1,
7iK8PXO48WeuP03g8YR51W,2oT7xd9iTO2ejLsNGIMa5f,trap latino,Undirected,1,
7iK8PXO48WeuP03g8YR51W,5hdhHgpxyniooUiQVaPxQ0,trap latino,Undirected,1,
7iK8PXO48WeuP03g8YR51W,0KKUc4amZyvswV2YL6WTar,trap latino,Undirected,1,
1uU7g3DNSbsu0QjSEqZtEd,2tIP7SsRs7vjIcLrU85W8J,australian hip hop,Undirected,1,
4riOEaOW5hCeqomFDBk0aP,3E6xrwgnVfYCrCs0ePERDz,trap latino,Undirected,1,
4riOEaOW5hCeqomFDBk0aP,0n6sKrG0xKAf8xmdqeNGke,trap latino,Undirected,1,
4riOEaOW5hCeqomFDBk0aP,2UZIAOlrnyZmyzt1nuXr9y,trap latino,Undirected,1,
4riOEaOW5hCeqomFDBk0aP,2LmcxBak1alK1bf7d1beTr,trap latino,Undirected,1,
4riOEaOW5hCeqomFDBk0aP,0EFisYRi20PTADoJrifHrz,trap latino,Undirected,1,
4riOEaOW5hCeqomFDBk0aP,77ziqFxp5gaInVrF2lj4ht,trap latino,Undirected,1,
4riOEaOW5hCeqomFDBk0aP,790FomKkXshlbRYZFtlgla,trap latino,Undirected,1,
4riOEaOW5hCeqomFDBk0aP,1mcTU81TzQhprhouKaTkpq,trap latino,Undirected,1,
4riOEaOW5hCeqomFDBk0aP,2oT7xd9iTO2ejLsNGIMa5f,trap latino,Undirected,1,
4riOEaOW5hCeqomFDBk0aP,5hdhHgpxyniooUiQVaPxQ0,trap latino,Undirected,1,
4riOEaOW5hCeqomFDBk0aP,0KKUc4amZyvswV2YL6WTar,trap latino,Undirected,1,
4r63FhuTkUYltbVAg5TQnk,1anyVhU62p31KFi8MEzkbf,rap,Undirected,1,
4r63FhuTkUYltbVAg5TQnk,0Y5tJX1MQlPlqiwlOH1tJY,rap,Undirected,1,
4r63FhuTkUYltbVAg5TQnk,4IVAbR2w4JJNJDDRFP3E83,rap,Undirected,1,
4r63FhuTkUYltbVAg5TQnk,3TVXtAsR1Inumwj472S9r4,rap,Undirected,1,
4r63FhuTkUYltbVAg5TQnk,6MPCFvOQv5cIGfw3jODMF0,rap,Undirected,1,
4r63FhuTkUYltbVAg5TQnk,2hlmm7s2ICUX0LVIhVFlZQ,rap,Undirected,1,
4r63FhuTkUYltbVAg5TQnk,4Gso3d4CscCijv0lmajZWs,rap,Undirected,1,
4r63FhuTkUYltbVAg5TQnk,7rkW85dBwwrJtlHRDkJDAC,rap,Undirected,1,
4r63FhuTkUYltbVAg5TQnk,1HwM5zlC5qNWhJtM00yXzG,rap,Undirected,1,
4r63FhuTkUYltbVAg5TQnk,50co4Is1HCEo8bhOyUWKpn,rap,Undirected,1,
0u6GtibW46tFX7koQ6uNJZ,5cj0lLjcoR7YOSnhnX0Po5,dance pop,Undirected,1,
0u6GtibW46tFX7koQ6uNJZ,2o5jDhtHVPhrJdv3cEQ99Z,dance pop,Undirected,1,
0u6GtibW46tFX7koQ6uNJZ,0C8ZW7ezQVs4URX5aX7Kqx,dance pop,Undirected,1,
0u6GtibW46tFX7koQ6uNJZ,0xRXCcSX89eobfrshSVdyu,dance pop,Undirected,1,
0u6GtibW46tFX7koQ6uNJZ,7i9j813KFoSBMldGqlh2Z1,dance pop,Undirected,1,
0u6GtibW46tFX7koQ6uNJZ,45dkTj5sMRSjrmBSBeiHym,dance pop,Undirected,1,
0u6GtibW46tFX7koQ6uNJZ,6DgP9otnZw5z6daOntINxp,dance pop,Undirected,1,
0u6GtibW46tFX7koQ6uNJZ,6S2OmqARrzebs0tKUEyXyp,dance pop,Undirected,1,
0u6GtibW46tFX7koQ6uNJZ,6cK3NBO6uP7hh0oyuVELFl,dance pop,Undirected,1,
0u6GtibW46tFX7koQ6uNJZ,6aZyMrc4doVtZyKNilOmwu,dance pop,Undirected,1,
0u6GtibW46tFX7koQ6uNJZ,2o5jDhtHVPhrJdv3cEQ99Z,edm,Undirected,1,
0u6GtibW46tFX7koQ6uNJZ,0xRXCcSX89eobfrshSVdyu,edm,Undirected,1,
0u6GtibW46tFX7koQ6uNJZ,6DgP9otnZw5z6daOntINxp,edm,Undirected,1,
0u6GtibW46tFX7koQ6uNJZ,7jZM5w05mGhw6wTB1okhD9,german dance,Undirected,1,
0u6GtibW46tFX7koQ6uNJZ,5CiGnKThu5ctn9pBxv7DGa,pop dance,Undirected,1,
0u6GtibW46tFX7koQ6uNJZ,2o5jDhtHVPhrJdv3cEQ99Z,pop dance,Undirected,1,
0u6GtibW46tFX7koQ6uNJZ,0xRXCcSX89eobfrshSVdyu,pop dance,Undirected,1,
0u6GtibW46tFX7koQ6uNJZ,7i9j813KFoSBMldGqlh2Z1,pop dance,Undirected,1,
0u6GtibW46tFX7koQ6uNJZ,6DgP9otnZw5z6daOntINxp,pop dance,Undirected,1,
0u6GtibW46tFX7koQ6uNJZ,2o5jDhtHVPhrJdv3cEQ99Z,tropical house,Undirected,1,
0u6GtibW46tFX7koQ6uNJZ,0xRXCcSX89eobfrshSVdyu,tropical house,Undirected,1,
0u6GtibW46tFX7koQ6uNJZ,7i9j813KFoSBMldGqlh2Z1,tropical house,Undirected,1,
0u6GtibW46tFX7koQ6uNJZ,7uMh23xWiuR7zsNkuNcm2G,tropical house,Undirected,1,
0u6GtibW46tFX7koQ6uNJZ,6DgP9otnZw5z6daOntINxp,tropical house,Undirected,1,
7tYKF4w9nC0nq9CsPZTHyP,5CiGnKThu5ctn9pBxv7DGa,pop,Undirected,1,
7tYKF4w9nC0nq9CsPZTHyP,5cj0lLjcoR7YOSnhnX0Po5,pop,Undirected,1,
7tYKF4w9nC0nq9CsPZTHyP,6KImCVD70vtIoJWnq6nGn3,pop,Undirected,1,
7tYKF4w9nC0nq9CsPZTHyP,4GNC7GD6oZMSxPGyXy4MNB,pop,Undirected,1,
7tYKF4w9nC0nq9CsPZTHyP,6LuN9FCkKOj5PcnpouEgny,pop,Undirected,1,
7tYKF4w9nC0nq9CsPZTHyP,5KNNVgR6LBIABRIomyCwKJ,pop,Undirected,1,
7tYKF4w9nC0nq9CsPZTHyP,2o5jDhtHVPhrJdv3cEQ99Z,pop,Undirected,1,
7tYKF4w9nC0nq9CsPZTHyP,0C8ZW7ezQVs4URX5aX7Kqx,pop,Undirected,1,
7tYKF4w9nC0nq9CsPZTHyP,66CXWjxzNUsdJxJ2JdwvnR,pop,Undirected,1,
7tYKF4w9nC0nq9CsPZTHyP,45dkTj5sMRSjrmBSBeiHym,pop,Undirected,1,
7tYKF4w9nC0nq9CsPZTHyP,6WY7D3jk8zTrHtmkqqo5GI,pop,Undirected,1,
7tYKF4w9nC0nq9CsPZTHyP,06HL4z0CvFAxyc27GXpf02,pop,Undirected,1,
7tYKF4w9nC0nq9CsPZTHyP,181bsRPaVXVlUKXrxwZfHK,pop,Undirected,1,
7tYKF4w9nC0nq9CsPZTHyP,04gDigrS5kc9YWfZHwBETP,pop,Undirected,1,
7tYKF4w9nC0nq9CsPZTHyP,6S2OmqARrzebs0tKUEyXyp,pop,Undirected,1,
7tYKF4w9nC0nq9CsPZTHyP,6cK3NBO6uP7hh0oyuVELFl,pop,Undirected,1,
7tYKF4w9nC0nq9CsPZTHyP,6aZyMrc4doVtZyKNilOmwu,pop,Undirected,1,
7tYKF4w9nC0nq9CsPZTHyP,5CiGnKThu5ctn9pBxv7DGa,pop rap,Undirected,1,
7tYKF4w9nC0nq9CsPZTHyP,5cj0lLjcoR7YOSnhnX0Po5,pop rap,Undirected,1,
7tYKF4w9nC0nq9CsPZTHyP,1anyVhU62p31KFi8MEzkbf,pop rap,Undirected,1,
7tYKF4w9nC0nq9CsPZTHyP,3TVXtAsR1Inumwj472S9r4,pop rap,Undirected,1,
7tYKF4w9nC0nq9CsPZTHyP,6ASri4ePR7RlsvIQgWPJpS,pop rap,Undirected,1,
7tYKF4w9nC0nq9CsPZTHyP,6MPCFvOQv5cIGfw3jODMF0,pop rap,Undirected,1,
7tYKF4w9nC0nq9CsPZTHyP,7rkW85dBwwrJtlHRDkJDAC,pop rap,Undirected,1,
7tYKF4w9nC0nq9CsPZTHyP,7jVv8c5Fj3E9VhNjxT4snq,pop rap,Undirected,1,
7tYKF4w9nC0nq9CsPZTHyP,181bsRPaVXVlUKXrxwZfHK,pop rap,Undirected,1,
7tYKF4w9nC0nq9CsPZTHyP,6cK3NBO6uP7hh0oyuVELFl,pop rap,Undirected,1,
7tYKF4w9nC0nq9CsPZTHyP,1HwM5zlC5qNWhJtM00yXzG,pop rap,Undirected,1,
7tYKF4w9nC0nq9CsPZTHyP,50co4Is1HCEo8bhOyUWKpn,pop rap,Undirected,1,
7tYKF4w9nC0nq9CsPZTHyP,4IVAbR2w4JJNJDDRFP3E83,r&b,Undirected,1,
7tYKF4w9nC0nq9CsPZTHyP,6cK3NBO6uP7hh0oyuVELFl,r&b,Undirected,1,
5CiGnKThu5ctn9pBxv7DGa,45dkTj5sMRSjrmBSBeiHym,electropop,Undirected,1,
5CiGnKThu5ctn9pBxv7DGa,5cj0lLjcoR7YOSnhnX0Po5,pop,Undirected,1,
5CiGnKThu5ctn9pBxv7DGa,6KImCVD70vtIoJWnq6nGn3,pop,Undirected,1,
5CiGnKThu5ctn9pBxv7DGa,4GNC7GD6oZMSxPGyXy4MNB,pop,Undirected,1,
5CiGnKThu5ctn9pBxv7DGa,6LuN9FCkKOj5PcnpouEgny,pop,Undirected,1,
5CiGnKThu5ctn9pBxv7DGa,5KNNVgR6LBIABRIomyCwKJ,pop,Undirected,1,
5CiGnKThu5ctn9pBxv7DGa,2o5jDhtHVPhrJdv3cEQ99Z,pop,Undirected,1,
5CiGnKThu5ctn9pBxv7DGa,0C8ZW7ezQVs4URX5aX7Kqx,pop,Undirected,1,
5CiGnKThu5ctn9pBxv7DGa,66CXWjxzNUsdJxJ2JdwvnR,pop,Undirected,1,
5CiGnKThu5ctn9pBxv7DGa,45dkTj5sMRSjrmBSBeiHym,pop,Undirected,1,
5CiGnKThu5ctn9pBxv7DGa,6WY7D3jk8zTrHtmkqqo5GI,pop,Undirected,1,
5CiGnKThu5ctn9pBxv7DGa,06HL4z0CvFAxyc27GXpf02,pop,Undirected,1,
5CiGnKThu5ctn9pBxv7DGa,181bsRPaVXVlUKXrxwZfHK,pop,Undirected,1,
5CiGnKThu5ctn9pBxv7DGa,04gDigrS5kc9YWfZHwBETP,pop,Undirected,1,
5CiGnKThu5ctn9pBxv7DGa,6S2OmqARrzebs0tKUEyXyp,pop,Undirected,1,
5CiGnKThu5ctn9pBxv7DGa,6cK3NBO6uP7hh0oyuVELFl,pop,Undirected,1,
5CiGnKThu5ctn9pBxv7DGa,6aZyMrc4doVtZyKNilOmwu,pop,Undirected,1,
5CiGnKThu5ctn9pBxv7DGa,2o5jDhtHVPhrJdv3cEQ99Z,pop dance,Undirected,1,
5CiGnKThu5ctn9pBxv7DGa,0xRXCcSX89eobfrshSVdyu,pop dance,Undirected,1,
5CiGnKThu5ctn9pBxv7DGa,7i9j813KFoSBMldGqlh2Z1,pop dance,Undirected,1,
5CiGnKThu5ctn9pBxv7DGa,6DgP9otnZw5z6daOntINxp,pop dance,Undirected,1,
5CiGnKThu5ctn9pBxv7DGa,5cj0lLjcoR7YOSnhnX0Po5,pop rap,Undirected,1,
5CiGnKThu5ctn9pBxv7DGa,1anyVhU62p31KFi8MEzkbf,pop rap,Undirected,1,
5CiGnKThu5ctn9pBxv7DGa,3TVXtAsR1Inumwj472S9r4,pop rap,Undirected,1,
5CiGnKThu5ctn9pBxv7DGa,6ASri4ePR7RlsvIQgWPJpS,pop rap,Undirected,1,
5CiGnKThu5ctn9pBxv7DGa,6MPCFvOQv5cIGfw3jODMF0,pop rap,Undirected,1,
5CiGnKThu5ctn9pBxv7DGa,7rkW85dBwwrJtlHRDkJDAC,pop rap,Undirected,1,
5CiGnKThu5ctn9pBxv7DGa,7jVv8c5Fj3E9VhNjxT4snq,pop rap,Undirected,1,
5CiGnKThu5ctn9pBxv7DGa,181bsRPaVXVlUKXrxwZfHK,pop rap,Undirected,1,
5CiGnKThu5ctn9pBxv7DGa,6cK3NBO6uP7hh0oyuVELFl,pop rap,Undirected,1,
5CiGnKThu5ctn9pBxv7DGa,1HwM5zlC5qNWhJtM00yXzG,pop rap,Undirected,1,
5CiGnKThu5ctn9pBxv7DGa,50co4Is1HCEo8bhOyUWKpn,pop rap,Undirected,1,
5cj0lLjcoR7YOSnhnX0Po5,2o5jDhtHVPhrJdv3cEQ99Z,dance pop,Undirected,1,
5cj0lLjcoR7YOSnhnX0Po5,0C8ZW7ezQVs4URX5aX7Kqx,dance pop,Undirected,1,
5cj0lLjcoR7YOSnhnX0Po5,0xRXCcSX89eobfrshSVdyu,dance pop,Undirected,1,
5cj0lLjcoR7YOSnhnX0Po5,7i9j813KFoSBMldGqlh2Z1,dance pop,Undirected,1,
5cj0lLjcoR7YOSnhnX0Po5,45dkTj5sMRSjrmBSBeiHym,dance pop,Undirected,1,
5cj0lLjcoR7YOSnhnX0Po5,6DgP9otnZw5z6daOntINxp,dance pop,Undirected,1,
5cj0lLjcoR7YOSnhnX0Po5,6S2OmqARrzebs0tKUEyXyp,dance pop,Undirected,1,
5cj0lLjcoR7YOSnhnX0Po5,6cK3NBO6uP7hh0oyuVELFl,dance pop,Undirected,1,
5cj0lLjcoR7YOSnhnX0Po5,6aZyMrc4doVtZyKNilOmwu,dance pop,Undirected,1,
5cj0lLjcoR7YOSnhnX0Po5,6KImCVD70vtIoJWnq6nGn3,pop,Undirected,1,
5cj0lLjcoR7YOSnhnX0Po5,4GNC7GD6oZMSxPGyXy4MNB,pop,Undirected,1,
5cj0lLjcoR7YOSnhnX0Po5,6LuN9FCkKOj5PcnpouEgny,pop,Undirected,1,
5cj0lLjcoR7YOSnhnX0Po5,5KNNVgR6LBIABRIomyCwKJ,pop,Undirected,1,
5cj0lLjcoR7YOSnhnX0Po5,2o5jDhtHVPhrJdv3cEQ99Z,pop,Undirected,1,
5cj0lLjcoR7YOSnhnX0Po5,0C8ZW7ezQVs4URX5aX7Kqx,pop,Undirected,1,
5cj0lLjcoR7YOSnhnX0Po5,66CXWjxzNUsdJxJ2JdwvnR,pop,Undirected,1,
5cj0lLjcoR7YOSnhnX0Po5,45dkTj5sMRSjrmBSBeiHym,pop,Undirected,1,
5cj0lLjcoR7YOSnhnX0Po5,6WY7D3jk8zTrHtmkqqo5GI,pop,Undirected,1,
5cj0lLjcoR7YOSnhnX0Po5,06HL4z0CvFAxyc27GXpf02,pop,Undirected,1,
5cj0lLjcoR7YOSnhnX0Po5,181bsRPaVXVlUKXrxwZfHK,pop,Undirected,1,
5cj0lLjcoR7YOSnhnX0Po5,04gDigrS5kc9YWfZHwBETP,pop,Undirected,1,
5cj0lLjcoR7YOSnhnX0Po5,6S2OmqARrzebs0tKUEyXyp,pop,Undirected,1,
5cj0lLjcoR7YOSnhnX0Po5,6cK3NBO6uP7hh0oyuVELFl,pop,Undirected,1,
5cj0lLjcoR7YOSnhnX0Po5,6aZyMrc4doVtZyKNilOmwu,pop,Undirected,1,
5cj0lLjcoR7YOSnhnX0Po5,1anyVhU62p31KFi8MEzkbf,pop rap,Undirected,1,
5cj0lLjcoR7YOSnhnX0Po5,3TVXtAsR1Inumwj472S9r4,pop rap,Undirected,1,
5cj0lLjcoR7YOSnhnX0Po5,6ASri4ePR7RlsvIQgWPJpS,pop rap,Undirected,1,
5cj0lLjcoR7YOSnhnX0Po5,6MPCFvOQv5cIGfw3jODMF0,pop rap,Undirected,1,
5cj0lLjcoR7YOSnhnX0Po5,7rkW85dBwwrJtlHRDkJDAC,pop rap,Undirected,1,
5cj0lLjcoR7YOSnhnX0Po5,7jVv8c5Fj3E9VhNjxT4snq,pop rap,Undirected,1,
5cj0lLjcoR7YOSnhnX0Po5,181bsRPaVXVlUKXrxwZfHK,pop rap,Undirected,1,
5cj0lLjcoR7YOSnhnX0Po5,6cK3NBO6uP7hh0oyuVELFl,pop rap,Undirected,1,
5cj0lLjcoR7YOSnhnX0Po5,1HwM5zlC5qNWhJtM00yXzG,pop rap,Undirected,1,
5cj0lLjcoR7YOSnhnX0Po5,50co4Is1HCEo8bhOyUWKpn,pop rap,Undirected,1,
1anyVhU62p31KFi8MEzkbf,6AgTAQt8XS6jRWi4sX7w49,chicago rap,Undirected,1,
1anyVhU62p31KFi8MEzkbf,4IVAbR2w4JJNJDDRFP3E83,hip hop,Undirected,1,
1anyVhU62p31KFi8MEzkbf,3TVXtAsR1Inumwj472S9r4,hip hop,Undirected,1,
1anyVhU62p31KFi8MEzkbf,1HwM5zlC5qNWhJtM00yXzG,hip hop,Undirected,1,
1anyVhU62p31KFi8MEzkbf,50co4Is1HCEo8bhOyUWKpn,hip hop,Undirected,1,
1anyVhU62p31KFi8MEzkbf,3TVXtAsR1Inumwj472S9r4,pop rap,Undirected,1,
1anyVhU62p31KFi8MEzkbf,6ASri4ePR7RlsvIQgWPJpS,pop rap,Undirected,1,
1anyVhU62p31KFi8MEzkbf,6MPCFvOQv5cIGfw3jODMF0,pop rap,Undirected,1,
1anyVhU62p31KFi8MEzkbf,7rkW85dBwwrJtlHRDkJDAC,pop rap,Undirected,1,
1anyVhU62p31KFi8MEzkbf,7jVv8c5Fj3E9VhNjxT4snq,pop rap,Undirected,1,
1anyVhU62p31KFi8MEzkbf,181bsRPaVXVlUKXrxwZfHK,pop rap,Undirected,1,
1anyVhU62p31KFi8MEzkbf,6cK3NBO6uP7hh0oyuVELFl,pop rap,Undirected,1,
1anyVhU62p31KFi8MEzkbf,1HwM5zlC5qNWhJtM00yXzG,pop rap,Undirected,1,
1anyVhU62p31KFi8MEzkbf,50co4Is1HCEo8bhOyUWKpn,pop rap,Undirected,1,
1anyVhU62p31KFi8MEzkbf,0Y5tJX1MQlPlqiwlOH1tJY,rap,Undirected,1,
1anyVhU62p31KFi8MEzkbf,4IVAbR2w4JJNJDDRFP3E83,rap,Undirected,1,
1anyVhU62p31KFi8MEzkbf,3TVXtAsR1Inumwj472S9r4,rap,Undirected,1,
1anyVhU62p31KFi8MEzkbf,6MPCFvOQv5cIGfw3jODMF0,rap,Undirected,1,
1anyVhU62p31KFi8MEzkbf,2hlmm7s2ICUX0LVIhVFlZQ,rap,Undirected,1,
1anyVhU62p31KFi8MEzkbf,4Gso3d4CscCijv0lmajZWs,rap,Undirected,1,
1anyVhU62p31KFi8MEzkbf,7rkW85dBwwrJtlHRDkJDAC,rap,Undirected,1,
1anyVhU62p31KFi8MEzkbf,1HwM5zlC5qNWhJtM00yXzG,rap,Undirected,1,
1anyVhU62p31KFi8MEzkbf,50co4Is1HCEo8bhOyUWKpn,rap,Undirected,1,
6KImCVD70vtIoJWnq6nGn3,4GNC7GD6oZMSxPGyXy4MNB,pop,Undirected,1,
6KImCVD70vtIoJWnq6nGn3,6LuN9FCkKOj5PcnpouEgny,pop,Undirected,1,
6KImCVD70vtIoJWnq6nGn3,5KNNVgR6LBIABRIomyCwKJ,pop,Undirected,1,
6KImCVD70vtIoJWnq6nGn3,2o5jDhtHVPhrJdv3cEQ99Z,pop,Undirected,1,
6KImCVD70vtIoJWnq6nGn3,0C8ZW7ezQVs4URX5aX7Kqx,pop,Undirected,1,
6KImCVD70vtIoJWnq6nGn3,66CXWjxzNUsdJxJ2JdwvnR,pop,Undirected,1,
6KImCVD70vtIoJWnq6nGn3,45dkTj5sMRSjrmBSBeiHym,pop,Undirected,1,
6KImCVD70vtIoJWnq6nGn3,6WY7D3jk8zTrHtmkqqo5GI,pop,Undirected,1,
6KImCVD70vtIoJWnq6nGn3,06HL4z0CvFAxyc27GXpf02,pop,Undirected,1,
6KImCVD70vtIoJWnq6nGn3,181bsRPaVXVlUKXrxwZfHK,pop,Undirected,1,
6KImCVD70vtIoJWnq6nGn3,04gDigrS5kc9YWfZHwBETP,pop,Undirected,1,
6KImCVD70vtIoJWnq6nGn3,6S2OmqARrzebs0tKUEyXyp,pop,Undirected,1,
6KImCVD70vtIoJWnq6nGn3,6cK3NBO6uP7hh0oyuVELFl,pop,Undirected,1,
6KImCVD70vtIoJWnq6nGn3,6aZyMrc4doVtZyKNilOmwu,pop,Undirected,1,
6KImCVD70vtIoJWnq6nGn3,6LuN9FCkKOj5PcnpouEgny,post-teen pop,Undirected,1,
6KImCVD70vtIoJWnq6nGn3,0C8ZW7ezQVs4URX5aX7Kqx,post-teen pop,Undirected,1,
6KImCVD70vtIoJWnq6nGn3,66CXWjxzNUsdJxJ2JdwvnR,post-teen pop,Undirected,1,
6KImCVD70vtIoJWnq6nGn3,45dkTj5sMRSjrmBSBeiHym,post-teen pop,Undirected,1,
6KImCVD70vtIoJWnq6nGn3,06HL4z0CvFAxyc27GXpf02,post-teen pop,Undirected,1,
6KImCVD70vtIoJWnq6nGn3,6S2OmqARrzebs0tKUEyXyp,post-teen pop,Undirected,1,
6KImCVD70vtIoJWnq6nGn3,6cK3NBO6uP7hh0oyuVELFl,post-teen pop,Undirected,1,
6KImCVD70vtIoJWnq6nGn3,6aZyMrc4doVtZyKNilOmwu,post-teen pop,Undirected,1,
4GNC7GD6oZMSxPGyXy4MNB,6LuN9FCkKOj5PcnpouEgny,pop,Undirected,1,
4GNC7GD6oZMSxPGyXy4MNB,5KNNVgR6LBIABRIomyCwKJ,pop,Undirected,1,
4GNC7GD6oZMSxPGyXy4MNB,2o5jDhtHVPhrJdv3cEQ99Z,pop,Undirected,1,
4GNC7GD6oZMSxPGyXy4MNB,0C8ZW7ezQVs4URX5aX7Kqx,pop,Undirected,1,
4GNC7GD6oZMSxPGyXy4MNB,66CXWjxzNUsdJxJ2JdwvnR,pop,Undirected,1,
4GNC7GD6oZMSxPGyXy4MNB,45dkTj5sMRSjrmBSBeiHym,pop,Undirected,1,
4GNC7GD6oZMSxPGyXy4MNB,6WY7D3jk8zTrHtmkqqo5GI,pop,Undirected,1,
4GNC7GD6oZMSxPGyXy4MNB,06HL4z0CvFAxyc27GXpf02,pop,Undirected,1,
4GNC7GD6oZMSxPGyXy4MNB,181bsRPaVXVlUKXrxwZfHK,pop,Undirected,1,
4GNC7GD6oZMSxPGyXy4MNB,04gDigrS5kc9YWfZHwBETP,pop,Undirected,1,
4GNC7GD6oZMSxPGyXy4MNB,6S2OmqARrzebs0tKUEyXyp,pop,Undirected,1,
4GNC7GD6oZMSxPGyXy4MNB,6cK3NBO6uP7hh0oyuVELFl,pop,Undirected,1,
4GNC7GD6oZMSxPGyXy4MNB,6aZyMrc4doVtZyKNilOmwu,pop,Undirected,1,
7jZM5w05mGhw6wTB1okhD9,2o5jDhtHVPhrJdv3cEQ99Z,trance,Undirected,1,
0Y5tJX1MQlPlqiwlOH1tJY,4IVAbR2w4JJNJDDRFP3E83,rap,Undirected,1,
0Y5tJX1MQlPlqiwlOH1tJY,3TVXtAsR1Inumwj472S9r4,rap,Undirected,1,
0Y5tJX1MQlPlqiwlOH1tJY,6MPCFvOQv5cIGfw3jODMF0,rap,Undirected,1,
0Y5tJX1MQlPlqiwlOH1tJY,2hlmm7s2ICUX0LVIhVFlZQ,rap,Undirected,1,
0Y5tJX1MQlPlqiwlOH1tJY,4Gso3d4CscCijv0lmajZWs,rap,Undirected,1,
0Y5tJX1MQlPlqiwlOH1tJY,7rkW85dBwwrJtlHRDkJDAC,rap,Undirected,1,
0Y5tJX1MQlPlqiwlOH1tJY,1HwM5zlC5qNWhJtM00yXzG,rap,Undirected,1,
0Y5tJX1MQlPlqiwlOH1tJY,50co4Is1HCEo8bhOyUWKpn,rap,Undirected,1,
0Y5tJX1MQlPlqiwlOH1tJY,2o5jDhtHVPhrJdv3cEQ99Z,slap house,Undirected,1,
0Y5tJX1MQlPlqiwlOH1tJY,2o08sCWF5yyo2G4DCiT7T9,slap house,Undirected,1,
6LuN9FCkKOj5PcnpouEgny,4IVAbR2w4JJNJDDRFP3E83,alternative r&b,Undirected,1,
6LuN9FCkKOj5PcnpouEgny,5KNNVgR6LBIABRIomyCwKJ,pop,Undirected,1,
6LuN9FCkKOj5PcnpouEgny,2o5jDhtHVPhrJdv3cEQ99Z,pop,Undirected,1,
6LuN9FCkKOj5PcnpouEgny,0C8ZW7ezQVs4URX5aX7Kqx,pop,Undirected,1,
6LuN9FCkKOj5PcnpouEgny,66CXWjxzNUsdJxJ2JdwvnR,pop,Undirected,1,
6LuN9FCkKOj5PcnpouEgny,45dkTj5sMRSjrmBSBeiHym,pop,Undirected,1,
6LuN9FCkKOj5PcnpouEgny,6WY7D3jk8zTrHtmkqqo5GI,pop,Undirected,1,
6LuN9FCkKOj5PcnpouEgny,06HL4z0CvFAxyc27GXpf02,pop,Undirected,1,
6LuN9FCkKOj5PcnpouEgny,181bsRPaVXVlUKXrxwZfHK,pop,Undirected,1,
6LuN9FCkKOj5PcnpouEgny,04gDigrS5kc9YWfZHwBETP,pop,Undirected,1,
6LuN9FCkKOj5PcnpouEgny,6S2OmqARrzebs0tKUEyXyp,pop,Undirected,1,
6LuN9FCkKOj5PcnpouEgny,6cK3NBO6uP7hh0oyuVELFl,pop,Undirected,1,
6LuN9FCkKOj5PcnpouEgny,6aZyMrc4doVtZyKNilOmwu,pop,Undirected,1,
6LuN9FCkKOj5PcnpouEgny,0C8ZW7ezQVs4URX5aX7Kqx,post-teen pop,Undirected,1,
6LuN9FCkKOj5PcnpouEgny,66CXWjxzNUsdJxJ2JdwvnR,post-teen pop,Undirected,1,
6LuN9FCkKOj5PcnpouEgny,45dkTj5sMRSjrmBSBeiHym,post-teen pop,Undirected,1,
6LuN9FCkKOj5PcnpouEgny,06HL4z0CvFAxyc27GXpf02,post-teen pop,Undirected,1,
6LuN9FCkKOj5PcnpouEgny,6S2OmqARrzebs0tKUEyXyp,post-teen pop,Undirected,1,
6LuN9FCkKOj5PcnpouEgny,6cK3NBO6uP7hh0oyuVELFl,post-teen pop,Undirected,1,
6LuN9FCkKOj5PcnpouEgny,6aZyMrc4doVtZyKNilOmwu,post-teen pop,Undirected,1,
5KNNVgR6LBIABRIomyCwKJ,2o5jDhtHVPhrJdv3cEQ99Z,pop,Undirected,1,
5KNNVgR6LBIABRIomyCwKJ,0C8ZW7ezQVs4URX5aX7Kqx,pop,Undirected,1,
5KNNVgR6LBIABRIomyCwKJ,66CXWjxzNUsdJxJ2JdwvnR,pop,Undirected,1,
5KNNVgR6LBIABRIomyCwKJ,45dkTj5sMRSjrmBSBeiHym,pop,Undirected,1,
5KNNVgR6LBIABRIomyCwKJ,6WY7D3jk8zTrHtmkqqo5GI,pop,Undirected,1,
5KNNVgR6LBIABRIomyCwKJ,06HL4z0CvFAxyc27GXpf02,pop,Undirected,1,
5KNNVgR6LBIABRIomyCwKJ,181bsRPaVXVlUKXrxwZfHK,pop,Undirected,1,
5KNNVgR6LBIABRIomyCwKJ,04gDigrS5kc9YWfZHwBETP,pop,Undirected,1,
5KNNVgR6LBIABRIomyCwKJ,6S2OmqARrzebs0tKUEyXyp,pop,Undirected,1,
5KNNVgR6LBIABRIomyCwKJ,6cK3NBO6uP7hh0oyuVELFl,pop,Undirected,1,
5KNNVgR6LBIABRIomyCwKJ,6aZyMrc4doVtZyKNilOmwu,pop,Undirected,1,
2o5jDhtHVPhrJdv3cEQ99Z,0C8ZW7ezQVs4URX5aX7Kqx,dance pop,Undirected,1,
2o5jDhtHVPhrJdv3cEQ99Z,0xRXCcSX89eobfrshSVdyu,dance pop,Undirected,1,
2o5jDhtHVPhrJdv3cEQ99Z,7i9j813KFoSBMldGqlh2Z1,dance pop,Undirected,1,
2o5jDhtHVPhrJdv3cEQ99Z,45dkTj5sMRSjrmBSBeiHym,dance pop,Undirected,1,
2o5jDhtHVPhrJdv3cEQ99Z,6DgP9otnZw5z6daOntINxp,dance pop,Undirected,1,
2o5jDhtHVPhrJdv3cEQ99Z,6S2OmqARrzebs0tKUEyXyp,dance pop,Undirected,1,
2o5jDhtHVPhrJdv3cEQ99Z,6cK3NBO6uP7hh0oyuVELFl,dance pop,Undirected,1,
2o5jDhtHVPhrJdv3cEQ99Z,6aZyMrc4doVtZyKNilOmwu,dance pop,Undirected,1,
2o5jDhtHVPhrJdv3cEQ99Z,0xRXCcSX89eobfrshSVdyu,edm,Undirected,1,
2o5jDhtHVPhrJdv3cEQ99Z,6DgP9otnZw5z6daOntINxp,edm,Undirected,1,
2o5jDhtHVPhrJdv3cEQ99Z,7i9j813KFoSBMldGqlh2Z1,house,Undirected,1,
2o5jDhtHVPhrJdv3cEQ99Z,6DgP9otnZw5z6daOntINxp,house,Undirected,1,
2o5jDhtHVPhrJdv3cEQ99Z,0C8ZW7ezQVs4URX5aX7Kqx,pop,Undirected,1,
2o5jDhtHVPhrJdv3cEQ99Z,66CXWjxzNUsdJxJ2JdwvnR,pop,Undirected,1,
2o5jDhtHVPhrJdv3cEQ99Z,45dkTj5sMRSjrmBSBeiHym,pop,Undirected,1,
2o5jDhtHVPhrJdv3cEQ99Z,6WY7D3jk8zTrHtmkqqo5GI,pop,Undirected,1,
2o5jDhtHVPhrJdv3cEQ99Z,06HL4z0CvFAxyc27GXpf02,pop,Undirected,1,
2o5jDhtHVPhrJdv3cEQ99Z,181bsRPaVXVlUKXrxwZfHK,pop,Undirected,1,
2o5jDhtHVPhrJdv3cEQ99Z,04gDigrS5kc9YWfZHwBETP,pop,Undirected,1,
2o5jDhtHVPhrJdv3cEQ99Z,6S2OmqARrzebs0tKUEyXyp,pop,Undirected,1,
2o5jDhtHVPhrJdv3cEQ99Z,6cK3NBO6uP7hh0oyuVELFl,pop,Undirected,1,
2o5jDhtHVPhrJdv3cEQ99Z,6aZyMrc4doVtZyKNilOmwu,pop,Undirected,1,
2o5jDhtHVPhrJdv3cEQ99Z,0xRXCcSX89eobfrshSVdyu,pop dance,Undirected,1,
2o5jDhtHVPhrJdv3cEQ99Z,7i9j813KFoSBMldGqlh2Z1,pop dance,Undirected,1,
2o5jDhtHVPhrJdv3cEQ99Z,6DgP9otnZw5z6daOntINxp,pop dance,Undirected,1,
2o5jDhtHVPhrJdv3cEQ99Z,2o08sCWF5yyo2G4DCiT7T9,slap house,Undirected,1,
2o5jDhtHVPhrJdv3cEQ99Z,0xRXCcSX89eobfrshSVdyu,tropical house,Undirected,1,
2o5jDhtHVPhrJdv3cEQ99Z,7i9j813KFoSBMldGqlh2Z1,tropical house,Undirected,1,
2o5jDhtHVPhrJdv3cEQ99Z,7uMh23xWiuR7zsNkuNcm2G,tropical house,Undirected,1,
2o5jDhtHVPhrJdv3cEQ99Z,6DgP9otnZw5z6daOntINxp,tropical house,Undirected,1,
4IVAbR2w4JJNJDDRFP3E83,2hlmm7s2ICUX0LVIhVFlZQ,atl hip hop,Undirected,1,
4IVAbR2w4JJNJDDRFP3E83,50co4Is1HCEo8bhOyUWKpn,atl hip hop,Undirected,1,
4IVAbR2w4JJNJDDRFP3E83,3TVXtAsR1Inumwj472S9r4,hip hop,Undirected,1,
4IVAbR2w4JJNJDDRFP3E83,1HwM5zlC5qNWhJtM00yXzG,hip hop,Undirected,1,
4IVAbR2w4JJNJDDRFP3E83,50co4Is1HCEo8bhOyUWKpn,hip hop,Undirected,1,
4IVAbR2w4JJNJDDRFP3E83,6jGMq4yGs7aQzuGsMgVgZR,melodic rap,Undirected,1,
4IVAbR2w4JJNJDDRFP3E83,6ASri4ePR7RlsvIQgWPJpS,melodic rap,Undirected,1,
4IVAbR2w4JJNJDDRFP3E83,2hlmm7s2ICUX0LVIhVFlZQ,melodic rap,Undirected,1,
4IVAbR2w4JJNJDDRFP3E83,7rkW85dBwwrJtlHRDkJDAC,melodic rap,Undirected,1,
4IVAbR2w4JJNJDDRFP3E83,50co4Is1HCEo8bhOyUWKpn,melodic rap,Undirected,1,
4IVAbR2w4JJNJDDRFP3E83,6cK3NBO6uP7hh0oyuVELFl,r&b,Undirected,1,
4IVAbR2w4JJNJDDRFP3E83,3TVXtAsR1Inumwj472S9r4,rap,Undirected,1,
4IVAbR2w4JJNJDDRFP3E83,6MPCFvOQv5cIGfw3jODMF0,rap,Undirected,1,
4IVAbR2w4JJNJDDRFP3E83,2hlmm7s2ICUX0LVIhVFlZQ,rap,Undirected,1,
4IVAbR2w4JJNJDDRFP3E83,4Gso3d4CscCijv0lmajZWs,rap,Undirected,1,
4IVAbR2w4JJNJDDRFP3E83,7rkW85dBwwrJtlHRDkJDAC,rap,Undirected,1,
4IVAbR2w4JJNJDDRFP3E83,1HwM5zlC5qNWhJtM00yXzG,rap,Undirected,1,
4IVAbR2w4JJNJDDRFP3E83,50co4Is1HCEo8bhOyUWKpn,rap,Undirected,1,
4IVAbR2w4JJNJDDRFP3E83,7arQA31aZVS8yS6zUveWzb,trap,Undirected,1,
4IVAbR2w4JJNJDDRFP3E83,6MPCFvOQv5cIGfw3jODMF0,trap,Undirected,1,
4IVAbR2w4JJNJDDRFP3E83,2hlmm7s2ICUX0LVIhVFlZQ,trap,Undirected,1,
4IVAbR2w4JJNJDDRFP3E83,4Gso3d4CscCijv0lmajZWs,trap,Undirected,1,
4IVAbR2w4JJNJDDRFP3E83,7rkW85dBwwrJtlHRDkJDAC,trap,Undirected,1,
4IVAbR2w4JJNJDDRFP3E83,50co4Is1HCEo8bhOyUWKpn,trap,Undirected,1,
3E6xrwgnVfYCrCs0ePERDz,0n6sKrG0xKAf8xmdqeNGke,latin,Undirected,1,
3E6xrwgnVfYCrCs0ePERDz,2LmcxBak1alK1bf7d1beTr,latin,Undirected,1,
3E6xrwgnVfYCrCs0ePERDz,0EFisYRi20PTADoJrifHrz,latin,Undirected,1,
3E6xrwgnVfYCrCs0ePERDz,77ziqFxp5gaInVrF2lj4ht,latin,Undirected,1,
3E6xrwgnVfYCrCs0ePERDz,790FomKkXshlbRYZFtlgla,latin,Undirected,1,
3E6xrwgnVfYCrCs0ePERDz,5hdhHgpxyniooUiQVaPxQ0,latin,Undirected,1,
3E6xrwgnVfYCrCs0ePERDz,0n6sKrG0xKAf8xmdqeNGke,reggaeton,Undirected,1,
3E6xrwgnVfYCrCs0ePERDz,2LmcxBak1alK1bf7d1beTr,reggaeton,Undirected,1,
3E6xrwgnVfYCrCs0ePERDz,0EFisYRi20PTADoJrifHrz,reggaeton,Undirected,1,
3E6xrwgnVfYCrCs0ePERDz,77ziqFxp5gaInVrF2lj4ht,reggaeton,Undirected,1,
3E6xrwgnVfYCrCs0ePERDz,790FomKkXshlbRYZFtlgla,reggaeton,Undirected,1,
3E6xrwgnVfYCrCs0ePERDz,2oT7xd9iTO2ejLsNGIMa5f,reggaeton,Undirected,1,
3E6xrwgnVfYCrCs0ePERDz,5hdhHgpxyniooUiQVaPxQ0,reggaeton,Undirected,1,
3E6xrwgnVfYCrCs0ePERDz,0n6sKrG0xKAf8xmdqeNGke,trap latino,Undirected,1,
3E6xrwgnVfYCrCs0ePERDz,2UZIAOlrnyZmyzt1nuXr9y,trap latino,Undirected,1,
3E6xrwgnVfYCrCs0ePERDz,2LmcxBak1alK1bf7d1beTr,trap latino,Undirected,1,
3E6xrwgnVfYCrCs0ePERDz,0EFisYRi20PTADoJrifHrz,trap latino,Undirected,1,
3E6xrwgnVfYCrCs0ePERDz,77ziqFxp5gaInVrF2lj4ht,trap latino,Undirected,1,
3E6xrwgnVfYCrCs0ePERDz,790FomKkXshlbRYZFtlgla,trap latino,Undirected,1,
3E6xrwgnVfYCrCs0ePERDz,1mcTU81TzQhprhouKaTkpq,trap latino,Undirected,1,
3E6xrwgnVfYCrCs0ePERDz,2oT7xd9iTO2ejLsNGIMa5f,trap latino,Undirected,1,
3E6xrwgnVfYCrCs0ePERDz,5hdhHgpxyniooUiQVaPxQ0,trap latino,Undirected,1,
3E6xrwgnVfYCrCs0ePERDz,0KKUc4amZyvswV2YL6WTar,trap latino,Undirected,1,
3E6xrwgnVfYCrCs0ePERDz,5hdhHgpxyniooUiQVaPxQ0,tropical,Undirected,1,
3TVXtAsR1Inumwj472S9r4,7rkW85dBwwrJtlHRDkJDAC,canadian hip hop,Undirected,1,
3TVXtAsR1Inumwj472S9r4,1HwM5zlC5qNWhJtM00yXzG,hip hop,Undirected,1,
3TVXtAsR1Inumwj472S9r4,50co4Is1HCEo8bhOyUWKpn,hip hop,Undirected,1,
3TVXtAsR1Inumwj472S9r4,6ASri4ePR7RlsvIQgWPJpS,pop rap,Undirected,1,
3TVXtAsR1Inumwj472S9r4,6MPCFvOQv5cIGfw3jODMF0,pop rap,Undirected,1,
3TVXtAsR1Inumwj472S9r4,7rkW85dBwwrJtlHRDkJDAC,pop rap,Undirected,1,
3TVXtAsR1Inumwj472S9r4,7jVv8c5Fj3E9VhNjxT4snq,pop rap,Undirected,1,
3TVXtAsR1Inumwj472S9r4,181bsRPaVXVlUKXrxwZfHK,pop rap,Undirected,1,
3TVXtAsR1Inumwj472S9r4,6cK3NBO6uP7hh0oyuVELFl,pop rap,Undirected,1,
3TVXtAsR1Inumwj472S9r4,1HwM5zlC5qNWhJtM00yXzG,pop rap,Undirected,1,
3TVXtAsR1Inumwj472S9r4,50co4Is1HCEo8bhOyUWKpn,pop rap,Undirected,1,
3TVXtAsR1Inumwj472S9r4,6MPCFvOQv5cIGfw3jODMF0,rap,Undirected,1,
3TVXtAsR1Inumwj472S9r4,2hlmm7s2ICUX0LVIhVFlZQ,rap,Undirected,1,
3TVXtAsR1Inumwj472S9r4,4Gso3d4CscCijv0lmajZWs,rap,Undirected,1,
3TVXtAsR1Inumwj472S9r4,7rkW85dBwwrJtlHRDkJDAC,rap,Undirected,1,
3TVXtAsR1Inumwj472S9r4,1HwM5zlC5qNWhJtM00yXzG,rap,Undirected,1,
3TVXtAsR1Inumwj472S9r4,50co4Is1HCEo8bhOyUWKpn,rap,Undirected,1,
3TVXtAsR1Inumwj472S9r4,7rkW85dBwwrJtlHRDkJDAC,toronto rap,Undirected,1,
0n6sKrG0xKAf8xmdqeNGke,2LmcxBak1alK1bf7d1beTr,latin,Undirected,1,
0n6sKrG0xKAf8xmdqeNGke,0EFisYRi20PTADoJrifHrz,latin,Undirected,1,
0n6sKrG0xKAf8xmdqeNGke,77ziqFxp5gaInVrF2lj4ht,latin,Undirected,1,
0n6sKrG0xKAf8xmdqeNGke,790FomKkXshlbRYZFtlgla,latin,Undirected,1,
0n6sKrG0xKAf8xmdqeNGke,5hdhHgpxyniooUiQVaPxQ0,latin,Undirected,1,
0n6sKrG0xKAf8xmdqeNGke,2LmcxBak1alK1bf7d1beTr,reggaeton,Undirected,1,
0n6sKrG0xKAf8xmdqeNGke,0EFisYRi20PTADoJrifHrz,reggaeton,Undirected,1,
0n6sKrG0xKAf8xmdqeNGke,77ziqFxp5gaInVrF2lj4ht,reggaeton,Undirected,1,
0n6sKrG0xKAf8xmdqeNGke,790FomKkXshlbRYZFtlgla,reggaeton,Undirected,1,
0n6sKrG0xKAf8xmdqeNGke,2oT7xd9iTO2ejLsNGIMa5f,reggaeton,Undirected,1,
0n6sKrG0xKAf8xmdqeNGke,5hdhHgpxyniooUiQVaPxQ0,reggaeton,Undirected,1,
0n6sKrG0xKAf8xmdqeNGke,2LmcxBak1alK1bf7d1beTr,reggaeton flow,Undirected,1,
0n6sKrG0xKAf8xmdqeNGke,2UZIAOlrnyZmyzt1nuXr9y,trap latino,Undirected,1,
0n6sKrG0xKAf8xmdqeNGke,2LmcxBak1alK1bf7d1beTr,trap latino,Undirected,1,
0n6sKrG0xKAf8xmdqeNGke,0EFisYRi20PTADoJrifHrz,trap latino,Undirected,1,
0n6sKrG0xKAf8xmdqeNGke,77ziqFxp5gaInVrF2lj4ht,trap latino,Undirected,1,
0n6sKrG0xKAf8xmdqeNGke,790FomKkXshlbRYZFtlgla,trap latino,Undirected,1,
0n6sKrG0xKAf8xmdqeNGke,1mcTU81TzQhprhouKaTkpq,trap latino,Undirected,1,
0n6sKrG0xKAf8xmdqeNGke,2oT7xd9iTO2ejLsNGIMa5f,trap latino,Undirected,1,
0n6sKrG0xKAf8xmdqeNGke,5hdhHgpxyniooUiQVaPxQ0,trap latino,Undirected,1,
0n6sKrG0xKAf8xmdqeNGke,0KKUc4amZyvswV2YL6WTar,trap latino,Undirected,1,
6jGMq4yGs7aQzuGsMgVgZR,6ASri4ePR7RlsvIQgWPJpS,melodic rap,Undirected,1,
6jGMq4yGs7aQzuGsMgVgZR,2hlmm7s2ICUX0LVIhVFlZQ,melodic rap,Undirected,1,
6jGMq4yGs7aQzuGsMgVgZR,7rkW85dBwwrJtlHRDkJDAC,melodic rap,Undirected,1,
6jGMq4yGs7aQzuGsMgVgZR,50co4Is1HCEo8bhOyUWKpn,melodic rap,Undirected,1,
2UZIAOlrnyZmyzt1nuXr9y,2LmcxBak1alK1bf7d1beTr,trap latino,Undirected,1,
2UZIAOlrnyZmyzt1nuXr9y,0EFisYRi20PTADoJrifHrz,trap latino,Undirected,1,
2UZIAOlrnyZmyzt1nuXr9y,77ziqFxp5gaInVrF2lj4ht,trap latino,Undirected,1,
2UZIAOlrnyZmyzt1nuXr9y,790FomKkXshlbRYZFtlgla,trap latino,Undirected,1,
2UZIAOlrnyZmyzt1nuXr9y,1mcTU81TzQhprhouKaTkpq,trap latino,Undirected,1,
2UZIAOlrnyZmyzt1nuXr9y,2oT7xd9iTO2ejLsNGIMa5f,trap latino,Undirected,1,
2UZIAOlrnyZmyzt1nuXr9y,5hdhHgpxyniooUiQVaPxQ0,trap latino,Undirected,1,
2UZIAOlrnyZmyzt1nuXr9y,0KKUc4amZyvswV2YL6WTar,trap latino,Undirected,1,
2LmcxBak1alK1bf7d1beTr,0EFisYRi20PTADoJrifHrz,latin,Undirected,1,
2LmcxBak1alK1bf7d1beTr,77ziqFxp5gaInVrF2lj4ht,latin,Undirected,1,
2LmcxBak1alK1bf7d1beTr,790FomKkXshlbRYZFtlgla,latin,Undirected,1,
2LmcxBak1alK1bf7d1beTr,5hdhHgpxyniooUiQVaPxQ0,latin,Undirected,1,
2LmcxBak1alK1bf7d1beTr,0EFisYRi20PTADoJrifHrz,reggaeton,Undirected,1,
2LmcxBak1alK1bf7d1beTr,77ziqFxp5gaInVrF2lj4ht,reggaeton,Undirected,1,
2LmcxBak1alK1bf7d1beTr,790FomKkXshlbRYZFtlgla,reggaeton,Undirected,1,
2LmcxBak1alK1bf7d1beTr,2oT7xd9iTO2ejLsNGIMa5f,reggaeton,Undirected,1,
2LmcxBak1alK1bf7d1beTr,5hdhHgpxyniooUiQVaPxQ0,reggaeton,Undirected,1,
2LmcxBak1alK1bf7d1beTr,0EFisYRi20PTADoJrifHrz,trap latino,Undirected,1,
2LmcxBak1alK1bf7d1beTr,77ziqFxp5gaInVrF2lj4ht,trap latino,Undirected,1,
2LmcxBak1alK1bf7d1beTr,790FomKkXshlbRYZFtlgla,trap latino,Undirected,1,
2LmcxBak1alK1bf7d1beTr,1mcTU81TzQhprhouKaTkpq,trap latino,Undirected,1,
2LmcxBak1alK1bf7d1beTr,2oT7xd9iTO2ejLsNGIMa5f,trap latino,Undirected,1,
2LmcxBak1alK1bf7d1beTr,5hdhHgpxyniooUiQVaPxQ0,trap latino,Undirected,1,
2LmcxBak1alK1bf7d1beTr,0KKUc4amZyvswV2YL6WTar,trap latino,Undirected,1,
7arQA31aZVS8yS6zUveWzb,6MPCFvOQv5cIGfw3jODMF0,trap,Undirected,1,
7arQA31aZVS8yS6zUveWzb,2hlmm7s2ICUX0LVIhVFlZQ,trap,Undirected,1,
7arQA31aZVS8yS6zUveWzb,4Gso3d4CscCijv0lmajZWs,trap,Undirected,1,
7arQA31aZVS8yS6zUveWzb,7rkW85dBwwrJtlHRDkJDAC,trap,Undirected,1,
7arQA31aZVS8yS6zUveWzb,50co4Is1HCEo8bhOyUWKpn,trap,Undirected,1,
6fWVd57NKTalqvmjRd2t8Z,6cK3NBO6uP7hh0oyuVELFl,cali rap,Undirected,1,
0C8ZW7ezQVs4URX5aX7Kqx,0xRXCcSX89eobfrshSVdyu,dance pop,Undirected,1,
0C8ZW7ezQVs4URX5aX7Kqx,7i9j813KFoSBMldGqlh2Z1,dance pop,Undirected,1,
0C8ZW7ezQVs4URX5aX7Kqx,45dkTj5sMRSjrmBSBeiHym,dance pop,Undirected,1,
0C8ZW7ezQVs4URX5aX7Kqx,6DgP9otnZw5z6daOntINxp,dance pop,Undirected,1,
0C8ZW7ezQVs4URX5aX7Kqx,6S2OmqARrzebs0tKUEyXyp,dance pop,Undirected,1,
0C8ZW7ezQVs4URX5aX7Kqx,6cK3NBO6uP7hh0oyuVELFl,dance pop,Undirected,1,
0C8ZW7ezQVs4URX5aX7Kqx,6aZyMrc4doVtZyKNilOmwu,dance pop,Undirected,1,
0C8ZW7ezQVs4URX5aX7Kqx,66CXWjxzNUsdJxJ2JdwvnR,pop,Undirected,1,
0C8ZW7ezQVs4URX5aX7Kqx,45dkTj5sMRSjrmBSBeiHym,pop,Undirected,1,
0C8ZW7ezQVs4URX5aX7Kqx,6WY7D3jk8zTrHtmkqqo5GI,pop,Undirected,1,
0C8ZW7ezQVs4URX5aX7Kqx,06HL4z0CvFAxyc27GXpf02,pop,Undirected,1,
0C8ZW7ezQVs4URX5aX7Kqx,181bsRPaVXVlUKXrxwZfHK,pop,Undirected,1,
0C8ZW7ezQVs4URX5aX7Kqx,04gDigrS5kc9YWfZHwBETP,pop,Undirected,1,
0C8ZW7ezQVs4URX5aX7Kqx,6S2OmqARrzebs0tKUEyXyp,pop,Undirected,1,
0C8ZW7ezQVs4URX5aX7Kqx,6cK3NBO6uP7hh0oyuVELFl,pop,Undirected,1,
0C8ZW7ezQVs4URX5aX7Kqx,6aZyMrc4doVtZyKNilOmwu,pop,Undirected,1,
0C8ZW7ezQVs4URX5aX7Kqx,66CXWjxzNUsdJxJ2JdwvnR,post-teen pop,Undirected,1,
0C8ZW7ezQVs4URX5aX7Kqx,45dkTj5sMRSjrmBSBeiHym,post-teen pop,Undirected,1,
0C8ZW7ezQVs4URX5aX7Kqx,06HL4z0CvFAxyc27GXpf02,post-teen pop,Undirected,1,
0C8ZW7ezQVs4URX5aX7Kqx,6S2OmqARrzebs0tKUEyXyp,post-teen pop,Undirected,1,
0C8ZW7ezQVs4URX5aX7Kqx,6cK3NBO6uP7hh0oyuVELFl,post-teen pop,Undirected,1,
0C8ZW7ezQVs4URX5aX7Kqx,6aZyMrc4doVtZyKNilOmwu,post-teen pop,Undirected,1,
0xRXCcSX89eobfrshSVdyu,7i9j813KFoSBMldGqlh2Z1,dance pop,Undirected,1,
0xRXCcSX89eobfrshSVdyu,45dkTj5sMRSjrmBSBeiHym,dance pop,Undirected,1,
0xRXCcSX89eobfrshSVdyu,6DgP9otnZw5z6daOntINxp,dance pop,Undirected,1,
0xRXCcSX89eobfrshSVdyu,6S2OmqARrzebs0tKUEyXyp,dance pop,Undirected,1,
0xRXCcSX89eobfrshSVdyu,6cK3NBO6uP7hh0oyuVELFl,dance pop,Undirected,1,
0xRXCcSX89eobfrshSVdyu,6aZyMrc4doVtZyKNilOmwu,dance pop,Undirected,1,
0xRXCcSX89eobfrshSVdyu,6DgP9otnZw5z6daOntINxp,edm,Undirected,1,
0xRXCcSX89eobfrshSVdyu,7i9j813KFoSBMldGqlh2Z1,pop dance,Undirected,1,
0xRXCcSX89eobfrshSVdyu,6DgP9otnZw5z6daOntINxp,pop dance,Undirected,1,
0xRXCcSX89eobfrshSVdyu,7i9j813KFoSBMldGqlh2Z1,tropical house,Undirected,1,
0xRXCcSX89eobfrshSVdyu,7uMh23xWiuR7zsNkuNcm2G,tropical house,Undirected,1,
0xRXCcSX89eobfrshSVdyu,6DgP9otnZw5z6daOntINxp,tropical house,Undirected,1,
6ASri4ePR7RlsvIQgWPJpS,2hlmm7s2ICUX0LVIhVFlZQ,melodic rap,Undirected,1,
6ASri4ePR7RlsvIQgWPJpS,7rkW85dBwwrJtlHRDkJDAC,melodic rap,Undirected,1,
6ASri4ePR7RlsvIQgWPJpS,50co4Is1HCEo8bhOyUWKpn,melodic rap,Undirected,1,
6ASri4ePR7RlsvIQgWPJpS,6MPCFvOQv5cIGfw3jODMF0,pop rap,Undirected,1,
6ASri4ePR7RlsvIQgWPJpS,7rkW85dBwwrJtlHRDkJDAC,pop rap,Undirected,1,
6ASri4ePR7RlsvIQgWPJpS,7jVv8c5Fj3E9VhNjxT4snq,pop rap,Undirected,1,
6ASri4ePR7RlsvIQgWPJpS,181bsRPaVXVlUKXrxwZfHK,pop rap,Undirected,1,
6ASri4ePR7RlsvIQgWPJpS,6cK3NBO6uP7hh0oyuVELFl,pop rap,Undirected,1,
6ASri4ePR7RlsvIQgWPJpS,1HwM5zlC5qNWhJtM00yXzG,pop rap,Undirected,1,
6ASri4ePR7RlsvIQgWPJpS,50co4Is1HCEo8bhOyUWKpn,pop rap,Undirected,1,
7i9j813KFoSBMldGqlh2Z1,45dkTj5sMRSjrmBSBeiHym,dance pop,Undirected,1,
7i9j813KFoSBMldGqlh2Z1,6DgP9otnZw5z6daOntINxp,dance pop,Undirected,1,
7i9j813KFoSBMldGqlh2Z1,6S2OmqARrzebs0tKUEyXyp,dance pop,Undirected,1,
7i9j813KFoSBMldGqlh2Z1,6cK3NBO6uP7hh0oyuVELFl,dance pop,Undirected,1,
7i9j813KFoSBMldGqlh2Z1,6aZyMrc4doVtZyKNilOmwu,dance pop,Undirected,1,
7i9j813KFoSBMldGqlh2Z1,6DgP9otnZw5z6daOntINxp,house,Undirected,1,
7i9j813KFoSBMldGqlh2Z1,6DgP9otnZw5z6daOntINxp,pop dance,Undirected,1,
7i9j813KFoSBMldGqlh2Z1,7uMh23xWiuR7zsNkuNcm2G,tropical house,Undirected,1,
7i9j813KFoSBMldGqlh2Z1,6DgP9otnZw5z6daOntINxp,tropical house,Undirected,1,
7i9j813KFoSBMldGqlh2Z1,7uMh23xWiuR7zsNkuNcm2G,uk dance,Undirected,1,
7i9j813KFoSBMldGqlh2Z1,6DgP9otnZw5z6daOntINxp,uk dance,Undirected,1,
0EFisYRi20PTADoJrifHrz,77ziqFxp5gaInVrF2lj4ht,latin,Undirected,1,
0EFisYRi20PTADoJrifHrz,790FomKkXshlbRYZFtlgla,latin,Undirected,1,
0EFisYRi20PTADoJrifHrz,5hdhHgpxyniooUiQVaPxQ0,latin,Undirected,1,
0EFisYRi20PTADoJrifHrz,77ziqFxp5gaInVrF2lj4ht,reggaeton,Undirected,1,
0EFisYRi20PTADoJrifHrz,790FomKkXshlbRYZFtlgla,reggaeton,Undirected,1,
0EFisYRi20PTADoJrifHrz,2oT7xd9iTO2ejLsNGIMa5f,reggaeton,Undirected,1,
0EFisYRi20PTADoJrifHrz,5hdhHgpxyniooUiQVaPxQ0,reggaeton,Undirected,1,
0EFisYRi20PTADoJrifHrz,77ziqFxp5gaInVrF2lj4ht,trap latino,Undirected,1,
0EFisYRi20PTADoJrifHrz,790FomKkXshlbRYZFtlgla,trap latino,Undirected,1,
0EFisYRi20PTADoJrifHrz,1mcTU81TzQhprhouKaTkpq,trap latino,Undirected,1,
0EFisYRi20PTADoJrifHrz,2oT7xd9iTO2ejLsNGIMa5f,trap latino,Undirected,1,
0EFisYRi20PTADoJrifHrz,5hdhHgpxyniooUiQVaPxQ0,trap latino,Undirected,1,
0EFisYRi20PTADoJrifHrz,0KKUc4amZyvswV2YL6WTar,trap latino,Undirected,1,
66CXWjxzNUsdJxJ2JdwvnR,45dkTj5sMRSjrmBSBeiHym,pop,Undirected,1,
66CXWjxzNUsdJxJ2JdwvnR,6WY7D3jk8zTrHtmkqqo5GI,pop,Undirected,1,
66CXWjxzNUsdJxJ2JdwvnR,06HL4z0CvFAxyc27GXpf02,pop,Undirected,1,
66CXWjxzNUsdJxJ2JdwvnR,181bsRPaVXVlUKXrxwZfHK,pop,Undirected,1,
66CXWjxzNUsdJxJ2JdwvnR,04gDigrS5kc9YWfZHwBETP,pop,Undirected,1,
66CXWjxzNUsdJxJ2JdwvnR,6S2OmqARrzebs0tKUEyXyp,pop,Undirected,1,
66CXWjxzNUsdJxJ2JdwvnR,6cK3NBO6uP7hh0oyuVELFl,pop,Undirected,1,
66CXWjxzNUsdJxJ2JdwvnR,6aZyMrc4doVtZyKNilOmwu,pop,Undirected,1,
66CXWjxzNUsdJxJ2JdwvnR,45dkTj5sMRSjrmBSBeiHym,post-teen pop,Undirected,1,
66CXWjxzNUsdJxJ2JdwvnR,06HL4z0CvFAxyc27GXpf02,post-teen pop,Undirected,1,
66CXWjxzNUsdJxJ2JdwvnR,6S2OmqARrzebs0tKUEyXyp,post-teen pop,Undirected,1,
66CXWjxzNUsdJxJ2JdwvnR,6cK3NBO6uP7hh0oyuVELFl,post-teen pop,Undirected,1,
66CXWjxzNUsdJxJ2JdwvnR,6aZyMrc4doVtZyKNilOmwu,post-teen pop,Undirected,1,
77ziqFxp5gaInVrF2lj4ht,790FomKkXshlbRYZFtlgla,latin,Undirected,1,
77ziqFxp5gaInVrF2lj4ht,5hdhHgpxyniooUiQVaPxQ0,latin,Undirected,1,
77ziqFxp5gaInVrF2lj4ht,790FomKkXshlbRYZFtlgla,reggaeton,Undirected,1,
77ziqFxp5gaInVrF2lj4ht,2oT7xd9iTO2ejLsNGIMa5f,reggaeton,Undirected,1,
77ziqFxp5gaInVrF2lj4ht,5hdhHgpxyniooUiQVaPxQ0,reggaeton,Undirected,1,
77ziqFxp5gaInVrF2lj4ht,790FomKkXshlbRYZFtlgla,trap latino,Undirected,1,
77ziqFxp5gaInVrF2lj4ht,1mcTU81TzQhprhouKaTkpq,trap latino,Undirected,1,
77ziqFxp5gaInVrF2lj4ht,2oT7xd9iTO2ejLsNGIMa5f,trap latino,Undirected,1,
77ziqFxp5gaInVrF2lj4ht,5hdhHgpxyniooUiQVaPxQ0,trap latino,Undirected,1,
77ziqFxp5gaInVrF2lj4ht,0KKUc4amZyvswV2YL6WTar,trap latino,Undirected,1,
790FomKkXshlbRYZFtlgla,5hdhHgpxyniooUiQVaPxQ0,latin,Undirected,1,
790FomKkXshlbRYZFtlgla,2oT7xd9iTO2ejLsNGIMa5f,reggaeton,Undirected,1,
790FomKkXshlbRYZFtlgla,5hdhHgpxyniooUiQVaPxQ0,reggaeton,Undirected,1,
790FomKkXshlbRYZFtlgla,1mcTU81TzQhprhouKaTkpq,trap latino,Undirected,1,
790FomKkXshlbRYZFtlgla,2oT7xd9iTO2ejLsNGIMa5f,trap latino,Undirected,1,
790FomKkXshlbRYZFtlgla,5hdhHgpxyniooUiQVaPxQ0,trap latino,Undirected,1,
790FomKkXshlbRYZFtlgla,0KKUc4amZyvswV2YL6WTar,trap latino,Undirected,1,
1mcTU81TzQhprhouKaTkpq,2oT7xd9iTO2ejLsNGIMa5f,trap latino,Undirected,1,
1mcTU81TzQhprhouKaTkpq,5hdhHgpxyniooUiQVaPxQ0,trap latino,Undirected,1,
1mcTU81TzQhprhouKaTkpq,0KKUc4amZyvswV2YL6WTar,trap latino,Undirected,1,
45dkTj5sMRSjrmBSBeiHym,6DgP9otnZw5z6daOntINxp,dance pop,Undirected,1,
45dkTj5sMRSjrmBSBeiHym,6S2OmqARrzebs0tKUEyXyp,dance pop,Undirected,1,
45dkTj5sMRSjrmBSBeiHym,6cK3NBO6uP7hh0oyuVELFl,dance pop,Undirected,1,
45dkTj5sMRSjrmBSBeiHym,6aZyMrc4doVtZyKNilOmwu,dance pop,Undirected,1,
45dkTj5sMRSjrmBSBeiHym,6WY7D3jk8zTrHtmkqqo5GI,pop,Undirected,1,
45dkTj5sMRSjrmBSBeiHym,06HL4z0CvFAxyc27GXpf02,pop,Undirected,1,
45dkTj5sMRSjrmBSBeiHym,181bsRPaVXVlUKXrxwZfHK,pop,Undirected,1,
45dkTj5sMRSjrmBSBeiHym,04gDigrS5kc9YWfZHwBETP,pop,Undirected,1,
45dkTj5sMRSjrmBSBeiHym,6S2OmqARrzebs0tKUEyXyp,pop,Undirected,1,
45dkTj5sMRSjrmBSBeiHym,6cK3NBO6uP7hh0oyuVELFl,pop,Undirected,1,
45dkTj5sMRSjrmBSBeiHym,6aZyMrc4doVtZyKNilOmwu,pop,Undirected,1,
45dkTj5sMRSjrmBSBeiHym,06HL4z0CvFAxyc27GXpf02,post-teen pop,Undirected,1,
45dkTj5sMRSjrmBSBeiHym,6S2OmqARrzebs0tKUEyXyp,post-teen pop,Undirected,1,
45dkTj5sMRSjrmBSBeiHym,6cK3NBO6uP7hh0oyuVELFl,post-teen pop,Undirected,1,
45dkTj5sMRSjrmBSBeiHym,6aZyMrc4doVtZyKNilOmwu,post-teen pop,Undirected,1,
6MPCFvOQv5cIGfw3jODMF0,7rkW85dBwwrJtlHRDkJDAC,pop rap,Undirected,1,
6MPCFvOQv5cIGfw3jODMF0,7jVv8c5Fj3E9VhNjxT4snq,pop rap,Undirected,1,
6MPCFvOQv5cIGfw3jODMF0,181bsRPaVXVlUKXrxwZfHK,pop rap,Undirected,1,
6MPCFvOQv5cIGfw3jODMF0,6cK3NBO6uP7hh0oyuVELFl,pop rap,Undirected,1,
6MPCFvOQv5cIGfw3jODMF0,1HwM5zlC5qNWhJtM00yXzG,pop rap,Undirected,1,
6MPCFvOQv5cIGfw3jODMF0,50co4Is1HCEo8bhOyUWKpn,pop rap,Undirected,1,
6MPCFvOQv5cIGfw3jODMF0,2hlmm7s2ICUX0LVIhVFlZQ,rap,Undirected,1,
6MPCFvOQv5cIGfw3jODMF0,4Gso3d4CscCijv0lmajZWs,rap,Undirected,1,
6MPCFvOQv5cIGfw3jODMF0,7rkW85dBwwrJtlHRDkJDAC,rap,Undirected,1,
6MPCFvOQv5cIGfw3jODMF0,1HwM5zlC5qNWhJtM00yXzG,rap,Undirected,1,
6MPCFvOQv5cIGfw3jODMF0,50co4Is1HCEo8bhOyUWKpn,rap,Undirected,1,
6MPCFvOQv5cIGfw3jODMF0,2hlmm7s2ICUX0LVIhVFlZQ,trap,Undirected,1,
6MPCFvOQv5cIGfw3jODMF0,4Gso3d4CscCijv0lmajZWs,trap,Undirected,1,
6MPCFvOQv5cIGfw3jODMF0,7rkW85dBwwrJtlHRDkJDAC,trap,Undirected,1,
6MPCFvOQv5cIGfw3jODMF0,50co4Is1HCEo8bhOyUWKpn,trap,Undirected,1,
2hlmm7s2ICUX0LVIhVFlZQ,50co4Is1HCEo8bhOyUWKpn,atl hip hop,Undirected,1,
2hlmm7s2ICUX0LVIhVFlZQ,7rkW85dBwwrJtlHRDkJDAC,melodic rap,Undirected,1,
2hlmm7s2ICUX0LVIhVFlZQ,50co4Is1HCEo8bhOyUWKpn,melodic rap,Undirected,1,
2hlmm7s2ICUX0LVIhVFlZQ,4Gso3d4CscCijv0lmajZWs,rap,Undirected,1,
2hlmm7s2ICUX0LVIhVFlZQ,7rkW85dBwwrJtlHRDkJDAC,rap,Undirected,1,
2hlmm7s2ICUX0LVIhVFlZQ,1HwM5zlC5qNWhJtM00yXzG,rap,Undirected,1,
2hlmm7s2ICUX0LVIhVFlZQ,50co4Is1HCEo8bhOyUWKpn,rap,Undirected,1,
2hlmm7s2ICUX0LVIhVFlZQ,4Gso3d4CscCijv0lmajZWs,trap,Undirected,1,
2hlmm7s2ICUX0LVIhVFlZQ,7rkW85dBwwrJtlHRDkJDAC,trap,Undirected,1,
2hlmm7s2ICUX0LVIhVFlZQ,50co4Is1HCEo8bhOyUWKpn,trap,Undirected,1,
4Gso3d4CscCijv0lmajZWs,7rkW85dBwwrJtlHRDkJDAC,rap,Undirected,1,
4Gso3d4CscCijv0lmajZWs,1HwM5zlC5qNWhJtM00yXzG,rap,Undirected,1,
4Gso3d4CscCijv0lmajZWs,50co4Is1HCEo8bhOyUWKpn,rap,Undirected,1,
4Gso3d4CscCijv0lmajZWs,7rkW85dBwwrJtlHRDkJDAC,trap,Undirected,1,
4Gso3d4CscCijv0lmajZWs,50co4Is1HCEo8bhOyUWKpn,trap,Undirected,1,
7rkW85dBwwrJtlHRDkJDAC,50co4Is1HCEo8bhOyUWKpn,melodic rap,Undirected,1,
7rkW85dBwwrJtlHRDkJDAC,7jVv8c5Fj3E9VhNjxT4snq,pop rap,Undirected,1,
7rkW85dBwwrJtlHRDkJDAC,181bsRPaVXVlUKXrxwZfHK,pop rap,Undirected,1,
7rkW85dBwwrJtlHRDkJDAC,6cK3NBO6uP7hh0oyuVELFl,pop rap,Undirected,1,
7rkW85dBwwrJtlHRDkJDAC,1HwM5zlC5qNWhJtM00yXzG,pop rap,Undirected,1,
7rkW85dBwwrJtlHRDkJDAC,50co4Is1HCEo8bhOyUWKpn,pop rap,Undirected,1,
7rkW85dBwwrJtlHRDkJDAC,1HwM5zlC5qNWhJtM00yXzG,rap,Undirected,1,
7rkW85dBwwrJtlHRDkJDAC,50co4Is1HCEo8bhOyUWKpn,rap,Undirected,1,
7rkW85dBwwrJtlHRDkJDAC,50co4Is1HCEo8bhOyUWKpn,trap,Undirected,1,
7uMh23xWiuR7zsNkuNcm2G,6DgP9otnZw5z6daOntINxp,tropical house,Undirected,1,
7uMh23xWiuR7zsNkuNcm2G,6DgP9otnZw5z6daOntINxp,uk dance,Undirected,1,
6DgP9otnZw5z6daOntINxp,6S2OmqARrzebs0tKUEyXyp,dance pop,Undirected,1,
6DgP9otnZw5z6daOntINxp,6cK3NBO6uP7hh0oyuVELFl,dance pop,Undirected,1,
6DgP9otnZw5z6daOntINxp,6aZyMrc4doVtZyKNilOmwu,dance pop,Undirected,1,
6WY7D3jk8zTrHtmkqqo5GI,06HL4z0CvFAxyc27GXpf02,pop,Undirected,1,
6WY7D3jk8zTrHtmkqqo5GI,181bsRPaVXVlUKXrxwZfHK,pop,Undirected,1,
6WY7D3jk8zTrHtmkqqo5GI,04gDigrS5kc9YWfZHwBETP,pop,Undirected,1,
6WY7D3jk8zTrHtmkqqo5GI,6S2OmqARrzebs0tKUEyXyp,pop,Undirected,1,
6WY7D3jk8zTrHtmkqqo5GI,6cK3NBO6uP7hh0oyuVELFl,pop,Undirected,1,
6WY7D3jk8zTrHtmkqqo5GI,6aZyMrc4doVtZyKNilOmwu,pop,Undirected,1,
06HL4z0CvFAxyc27GXpf02,181bsRPaVXVlUKXrxwZfHK,pop,Undirected,1,
06HL4z0CvFAxyc27GXpf02,04gDigrS5kc9YWfZHwBETP,pop,Undirected,1,
06HL4z0CvFAxyc27GXpf02,6S2OmqARrzebs0tKUEyXyp,pop,Undirected,1,
06HL4z0CvFAxyc27GXpf02,6cK3NBO6uP7hh0oyuVELFl,pop,Undirected,1,
06HL4z0CvFAxyc27GXpf02,6aZyMrc4doVtZyKNilOmwu,pop,Undirected,1,
06HL4z0CvFAxyc27GXpf02,6S2OmqARrzebs0tKUEyXyp,post-teen pop,Undirected,1,
06HL4z0CvFAxyc27GXpf02,6cK3NBO6uP7hh0oyuVELFl,post-teen pop,Undirected,1,
06HL4z0CvFAxyc27GXpf02,6aZyMrc4doVtZyKNilOmwu,post-teen pop,Undirected,1,
7jVv8c5Fj3E9VhNjxT4snq,181bsRPaVXVlUKXrxwZfHK,pop rap,Undirected,1,
7jVv8c5Fj3E9VhNjxT4snq,6cK3NBO6uP7hh0oyuVELFl,pop rap,Undirected,1,
7jVv8c5Fj3E9VhNjxT4snq,1HwM5zlC5qNWhJtM00yXzG,pop rap,Undirected,1,
7jVv8c5Fj3E9VhNjxT4snq,50co4Is1HCEo8bhOyUWKpn,pop rap,Undirected,1,
181bsRPaVXVlUKXrxwZfHK,04gDigrS5kc9YWfZHwBETP,pop,Undirected,1,
181bsRPaVXVlUKXrxwZfHK,6S2OmqARrzebs0tKUEyXyp,pop,Undirected,1,
181bsRPaVXVlUKXrxwZfHK,6cK3NBO6uP7hh0oyuVELFl,pop,Undirected,1,
181bsRPaVXVlUKXrxwZfHK,6aZyMrc4doVtZyKNilOmwu,pop,Undirected,1,
181bsRPaVXVlUKXrxwZfHK,6cK3NBO6uP7hh0oyuVELFl,pop rap,Undirected,1,
181bsRPaVXVlUKXrxwZfHK,1HwM5zlC5qNWhJtM00yXzG,pop rap,Undirected,1,
181bsRPaVXVlUKXrxwZfHK,50co4Is1HCEo8bhOyUWKpn,pop rap,Undirected,1,
181bsRPaVXVlUKXrxwZfHK,6cK3NBO6uP7hh0oyuVELFl,trap queen,Undirected,1,
04gDigrS5kc9YWfZHwBETP,6S2OmqARrzebs0tKUEyXyp,pop,Undirected,1,
04gDigrS5kc9YWfZHwBETP,6cK3NBO6uP7hh0oyuVELFl,pop,Undirected,1,
04gDigrS5kc9YWfZHwBETP,6aZyMrc4doVtZyKNilOmwu,pop,Undirected,1,
04gDigrS5kc9YWfZHwBETP,6aZyMrc4doVtZyKNilOmwu,pop rock,Undirected,1,
6S2OmqARrzebs0tKUEyXyp,6cK3NBO6uP7hh0oyuVELFl,dance pop,Undirected,1,
6S2OmqARrzebs0tKUEyXyp,6aZyMrc4doVtZyKNilOmwu,dance pop,Undirected,1,
6S2OmqARrzebs0tKUEyXyp,6cK3NBO6uP7hh0oyuVELFl,pop,Undirected,1,
6S2OmqARrzebs0tKUEyXyp,6aZyMrc4doVtZyKNilOmwu,pop,Undirected,1,
6S2OmqARrzebs0tKUEyXyp,6cK3NBO6uP7hh0oyuVELFl,post-teen pop,Undirected,1,
6S2OmqARrzebs0tKUEyXyp,6aZyMrc4doVtZyKNilOmwu,post-teen pop,Undirected,1,
6cK3NBO6uP7hh0oyuVELFl,6aZyMrc4doVtZyKNilOmwu,dance pop,Undirected,1,
6cK3NBO6uP7hh0oyuVELFl,6aZyMrc4doVtZyKNilOmwu,pop,Undirected,1,
6cK3NBO6uP7hh0oyuVELFl,1HwM5zlC5qNWhJtM00yXzG,pop rap,Undirected,1,
6cK3NBO6uP7hh0oyuVELFl,50co4Is1HCEo8bhOyUWKpn,pop rap,Undirected,1,
6cK3NBO6uP7hh0oyuVELFl,6aZyMrc4doVtZyKNilOmwu,post-teen pop,Undirected,1,
1HwM5zlC5qNWhJtM00yXzG,50co4Is1HCEo8bhOyUWKpn,gangster rap,Undirected,1,
1HwM5zlC5qNWhJtM00yXzG,50co4Is1HCEo8bhOyUWKpn,hip hop,Undirected,1,
1HwM5zlC5qNWhJtM00yXzG,50co4Is1HCEo8bhOyUWKpn,pop rap,Undirected,1,
1HwM5zlC5qNWhJtM00yXzG,50co4Is1HCEo8bhOyUWKpn,rap,Undirected,1,
2oT7xd9iTO2ejLsNGIMa5f,5hdhHgpxyniooUiQVaPxQ0,reggaeton,Undirected,1,
2oT7xd9iTO2ejLsNGIMa5f,5hdhHgpxyniooUiQVaPxQ0,trap latino,Undirected,1,
2oT7xd9iTO2ejLsNGIMa5f,0KKUc4amZyvswV2YL6WTar,trap latino,Undirected,1,
5hdhHgpxyniooUiQVaPxQ0,0KKUc4amZyvswV2YL6WTar,trap latino,Undirected,1,
